Isolate,Project,Species,ST,TIC (mg/L),TIC EUCAST,PIP/TZ (mg/L),PIP/TZ EUCAST,CAZ (mg/L),CAZ  EUCAST,FEP (mg/L),FEP EUCAST,TOL/TZ (mg/L),TOL/TZ EUCAST,CZA (mg/L),CZA EUCAST,ATM (mg/L),ATM  EUCAST,IMI (mg/L),IMI  EUCAST,MER (mg/L),MER EUCAST,CIP (mg/L),CIP EUCAST,TOB (mg/L),TOB EUCAST,AMI (mg/L),AMI EUCAST,COL (mg/L),COL EUCAST,CAZ cloxa-test,IMI cloxa-test,Acquired Beta-lactamases,Acquired Aminog. Mod. Enzymes,Acquired Other Enzimes,PA0004 gyrB,PA0424 mexR,PA0425 mexA,PA0426 mexB,PA0427 oprM,PA0807 ampDh3,PA0869 pbpG (PBP6/7),PA0958 oprD,oprD Reference Strain,PA1179 phoP,PA1180 phoQ,PA1777 oprF,PA1798 parS,PA1799 parR,PA2018 mexY,PA2019 mexX,PA2020 mexZ,PA2272 pbpC (PBP3a),PA2491 mexS,PA2492 mexT,PA3047 dacB (PBP4),PA3168 gyrA,PA3574 nalD,PA3721 nalC,PA3999 dacC (PBP5),PA4003 pbpA (PBP2),PA4020 mpl,PA4109 ampR,PA4110 ampC,PA4266 fusA1,PA4418 ftsI (PBP3),PA4522 ampD,PA4600 nfxB,PA4700 mrcB (PBP1b),PA4776 pmrA,PA4777 pmrB,PA4964 parC,PA4967 parE,PA5045 ponA/ mrcA (PBP1a),PA5235 glpT,PA5471 armZ,PA5485 ampDh2,,,,,,,,,,,,,,,,,,,,,,,,,,,,,,,,,,,,,,,,,,,,,,,,,,,,,,,,,,
AND01-001,GEMARA,Pseudomonas aeruginosa,ST155,64,R,64,R,16,R,16,R,1,S,2,S,8,I,16,R,4,I,2,R,0.5,S,8,S,4,R,+,+,,aac(6')-Ic,,,,,,,A219T,,nt473Δ14,LESB58,P31Q,,,L79P, H398R,,D428N, T543A, Q840E,K329Q, L331V, W358R,,,D249N,F172I,T428P,T83I, D87H,,G71E, S209R,,,M297V,,R79Q, T105A,,,Q44H, G148A, D183Y,,L353Q,,Y345H,,,V643I, S717C, ,L88P, D161G, H182Q, V243A,,,,,,,,,,,,,,,,,,,,,,,,,,,,,,,,,,,,,,,,,,,,,
AND01-016,GEMARA,Pseudomonas aeruginosa,ST3155,256,R,256,R,64,R,32,R,2,S,16,R,32,R,8,I,8,I,>16,R,0.5,S,4,S,1,S,+,+,,,,,,,,,A219T,H205N,,F23197,,,,H398R,,E152D, T543A,K329Q, R351S, W358R,,A104P,G78S, D249N,P60S, F172I,A474T,T83I,nt451Δ16,G71E, S209R,,,M297V,R244W, G273E,R79Q, T105A,,,,,L353Q, S25G,L71R,Y345H,S87W, E513D,,V643I, S717C,,L88P, D161G, H182Q, V243A,,,,,,,,,,,,,,,,,,,,,,,,,,,,,,,,,,,,,,,,,,,,,
AND01-020,GEMARA,Pseudomonas aeruginosa,ST244,128,R,64,R,16,R,16,R,1,S,1,S,32,R,8,I,4,I,8,R,0.5,S,4,S,<=0.5,S,+,+,,,,,,T256I,,,A219T,S250N,nt635Δ1,PAO1,,,Q25X,H398R,,T543A, Q840E,K329Q, L331V, W358R,C63R, R126C,A104P,D249N,P60S, F172I,,T83I,,,,,A303V, M297V, nt112InsC,R86C,,,,R11L, G148A, D183Y,G154R, nt279Δ9,S96N,L71R,,S87L,,,A121T,L88P, G157D, D161G, H182Q, V243A,,,,,,,,,,,,,,,,,,,,,,,,,,,,,,,,,,,,,,,,,,,,,
AND01-030,GEMARA,Pseudomonas aeruginosa,ST175,512,R,32,R,16,R,16,R,>32,R,16,R,4,I,>32,R,64,R,>16,R,>32,R,8,S,1,S,,+,OXA-2, VIM-20,aph(3')-Via, aadA13,,,,,,,A219T,S250N,nt55InsGCACT,LESB58,,,,H398R,,T543A,K329Q, W358R,G195D,E37K, A104P,D249N,P60S, F172I,,T83I, D87N,,G71E, A186T,,,nt112InsC,,,,,G148A, D183Y,,,,Y345H,S87W, L168Q,,E245D,,L88P, D161G, H182Q, V243A, V266M,,,,,,,,,,,,,,,,,,,,,,,,,,,,,,,,,,,,,,,,,,,,,,
AND01-038,GEMARA,Pseudomonas aeruginosa,ST3155,256,R,256,R,64,R,32,R,4,S,16,R,64,R,1,S,4,I,>16,R,0.5,S,4,S,1,S,+,,,,,,,,,,A219T,H205N,,F23197,,,,H398R,,E152D, T543A,K329Q, R351S, W358R,,A104P,G78S, D249N,P60S, F172I,A474T,T83I, D87H,nt451Δ16,G71E, S209R,,,M297V,R244W, G273E,R79Q, T105A,,,,,L353Q, S25G,L71R,Y345H,S87W, E513D,,V643I, S717C,,L88P, D161G, H182Q, V243A,,,,,,,,,,,,,,,,,,,,,,,,,,,,,,,,,,,,,,,,,,,,
AND01-040,GEMARA,Pseudomonas aeruginosa,ST231,256,R,32,R,8,S,16,R,2,S,8,S,32,R,16,R,16,R,1,R,0.5,S,8,S,1,S,,+,,,,E215D,nt367Δ15,,,,A219T,S250N,nt1221∆2,LESB58,,,,A285V, H398R,,L197F, Q282R, A596V, K692M, Q840E, N1036T,L22M, D135Y, L331V, K329Q,nt236InsGCCG,,D249N,F172I,,aa914InsSE,,G71E, S209R,,,,,R79Q, T105A,,,A136V, G148A,R82L,K607R, D383N, L353Q, S25G,,Y345H,,D533E,,,L88P, D161G, H182Q, V243A,,,,,,,,,,,,,,,,,,,,,,,,,,,,,,,,,,,,,,,,,
AND02-001,GEMARA,Pseudomonas aeruginosa,ST155,128,R,256,R,64,R,16,R,<=0.5,S,4,S,32,R,8,I,8,I,2,R,0.5,S,8,S,2,S,+,+,,,,,,,,,A219T,,W138X,LESB58,P31Q,,,H398R,,D428N, T543A, Q840E,K329Q, L331V, W358R,nt305Δ3,,D249N,F172I,,T83I,,G71E, S209R,,,M297V,,R79Q, T105A,,,Q44H, L135Q, G148A, D183Y,,L353Q,,Y345H,,E459V,,Ter449Gext*,L88P, D161G, H182Q, V243A,,,,,,,,,,,,,,,,,,,,,,,,,,,,,,,,,,,,,,,,,,,,,,,
AND02-016,GEMARA,Pseudomonas aeruginosa,ST360,128,R,128,R,16,R,16,R,2,S,1,S,16,I,4,S,<=0.5,S,2,R,16,R,4,S,1,S,+,,,aac(6')-31,strA, strB,S466F,,,aa36Δ5,A261T,A219T,S250N,,F23197,,,,H398R,,T543A,K329Q, L331V, W358R,N54D, L174Q,A104P,D249N,F172I,A394P,,,G71E, S209R,,,R322Q,,R79Q, T105A,,,G148A, P168L, S175L,,S25G,L71R,L339S, Y345H,H262Q,Y4C,E53K, S631I,C309Y, A439T, nt210Δ6,L88P, D161G, H182Q, V243A,,,,,,,,,,,,,,,,,,,,,,,,,,,,,,,,,,,,,,,,,,,,
AND02-023,GEMARA,Pseudomonas aeruginosa,ST308,256,R,128,R,32,R,16,R,2,S,8,S,32,R,16,R,16,R,>16,R,>32,R,16,I,1,S,+,+,,aac(3)-Ib, aacA4,strA, strB,E468D,V126E,,G957D,,,A287S,nt251Δ547,UCBPP-PA14,,,,V216A, H398R,L153R, S170N, nt618InsA,I536V, T543A, G589A, Q840E, N1063T,A30T, K329Q, L331V, W358R,G89S,  nt483InsTAT,A104P,V73A, D249N,F172I,,T83I,,G71E, D79E, S209R,,,,G283E, M288R,G27D, T105A, V205L, V356I, G391A,,,A96T,,L353Q, S25G,,V15I, G68S,S87L, P752T,P438S, D533E,D73N,nt159Δ16,C40R, L88P, S112N, D119E, I237V, V243A,V40I,,,,,,,,,,,,,,,,,,,,,,,,,,,,
AND03-041,GEMARA,Pseudomonas aeruginosa,ST2235,128,R,32,R,4,S,8,S,1,S,4,S,32,R,4,S,16,R,1,R,4,S,32,R,1,S,,,,,,D4N,nt61Δ1,,,,A219T,V61A,nt195InsGACTG,F23197,,,,H398R,,V113I, T543A, Q840E,K329Q, L331V, W358R,nt489Δ14,A104P, I143L,D249N,P60S, F172I,A394P, A474T,,,G71E, S209R,,,,G295R,T105A,,,G148A, S175L,,L353Q, S25G,L71R,,,,,Ter449Gext*,L88P, D161G, H182Q, V243A, V283L,,,,,,,,,,,,,,,,,,,,,,,,,,,,,,,,,,,,,,,,,,,,,
AND03-050,GEMARA,Pseudomonas aeruginosa,ST155,256,R,128,R,>64,R,64,R,>32,R,>32,R,64,R,>32,R,>64,R,>16,R,32,R,32,R,1,S,,,IMP-8,aac(3)-I,,,,,,,A219T,,W339X,LESB58,P31Q,,,T131P, H398R,,D428N, T543A, Q840E,K329Q, L331V, W358R,,,D249N,F172I,S390R,T83I,,G71E, S209R,,,M297V,,R79Q, T105A,,,Q44H, G148A, D183Y,,L353Q,,Y345H,S87L,,,Ter449Gext*,D18N, L88P, D161G, H182Q, V243A,,,,,,,,,,,,,,,,,,,,,,,,,,,,,,,,,,,,,,,,,,,,,,
AND04-003,GEMARA,Pseudomonas aeruginosa,ST1227,128,R,32,R,16,R,8,S,<=0.5,S,4,S,16,I,>32,R,8,I,8,R,1,S,8,S,2,S,,+,,,,,,,,,A219T,S250N,,PAO1,,,,H398R,,T543A,K329Q, L331V, W358R,,A104P,L32Q, A75V, D249N, V333M,P60S, F172I, R334C,,T83I, K162R,Q97X,,,,A303V, M297V,,R79Q, T105A,,,R11L, R140W, G148A, D183Y,,S96N,L71R,Y345H,,,,A121T, nt838Δ1,L88P, G157D, D161G, H182Q, V243A,,,,,,,,,,,,,,,,,,,,,,,,,,,,,,,,,,,,,,,,,
AND04-016,GEMARA,Pseudomonas aeruginosa,ST155,64,R,32,R,16,R,16,R,2,S,2,S,8,I,4,S,2,S,>16,R,2,S,16,I,2,S,+,,,,,,,R119C,nt600Δ1,,A219T,,,LESB58,P31Q,,,H398R,,D428N, T543A, Q840E,K329Q, L331V, W358R,W176X,,D249N,F172I,,T83I,,G71E, S209R,,,M297V, T236P,,R79Q, T105A,,,Q44H, G148A, D183Y,,L353Q,,Y345H,,,V12A,Ter449Gext*,L88P, D161G, H182Q, V243A,,,,,,,,,,,,,,,,,,,,,,,,,,,,,,,,,,,,,,,,,,,,,,,
AND04-037,GEMARA,Pseudomonas aeruginosa,ST1632,>512,R,>256,R,>64,R,64,R,8,R,32,R,>128,R,16,R,8,I,4,R,0.5,S,8,S,2,S,+,+,,,,S466F, E721K,V126E,,I186V,,,,,UCBPP-PA14,,,,H398R,L153R, S170N,I536V, T543A, G589A, N1036T, Q1039R,K329Q, L331V, W358R,nt593Δ14,A104P, V204A,G231S, D249N,P28L, P60S, F172I,H473Y,,,G71E, A145V, S209R,,A269V,M297V,E114A, I251V, G283E, M288R,G27D, T105A, V205L,,N242S,,V35A, D56G,L353Q, S25G,L71R,A4T, V15I, G68S, Y345H, R474Q,S197L,S261L, D533E,,Ter449Gext*, nt210Δ6,C40R, S112N, D119E, D161G, H182Q, I237V, V243A,,,,,,,,,,,,,,,,,,,,,,,,,,
AND06-027,GEMARA,Pseudomonas aeruginosa,ST274,256,R,32,R,16,R,16,R,1,S,8,S,32,R,16,R,32,R,1,R,0.5,S,4,S,1,S,+,+,,,,H148N,R78X,,,,,S250N,nt1072InsC,LESB58,,,,A82T, H398R,,T543A, Q840E, V875M, N1036S,K329Q, L331V, D346H, W358R,,A104P,D249N,F172I,A394P,,,G71E, S209R,,,M297V,,T21A, T105A, G391A,,,R11L, G148A, D183Y,,S25G,L71R,Y345H,,,,,L88P, D119E,,,,,,,,,,,,,,,,,,,,,,,,,,,,,,,,,,,,,,,,,,,,,,
AND06-033,GEMARA,Pseudomonas aeruginosa,ST2956,256,R,256,R,64,R,32,R,4,S,32,R,64,R,16,R,32,R,8,R,1,S,16,I,8,R,+,+,,,,,,,,,A219T,,T291P,FRD1,,,,H398R,E214K,D217V, T543A, Q840E,A30T, K329Q, L331V, W358R,,A505T,D249N,F172I,,D87Y,L169P,G71E,,,A303V, M297V,D135N,,,,G148A,,,,L31Q, Y345H,,,,C432S,L88P, D161G, H182Q, V243A,,,,,,,,,,,,,,,,,,,,,,,,,,,,,,,,,,,,,,,,,,,,,,,,,
AND06-034,GEMARA,Pseudomonas aeruginosa,ST992,64,R,>256,R,16,R,8,S,2,S,2,S,16,I,16,R,8,I,8,R,<=0.25,S,<=2,S,2,S,+,+,,,,S466Y,V126E,,,,A219T,G40S,,LESB58,,,,H398R,,T543A,K329Q, L331V, W358R,,A104P,D249N,F172I,,,N130S,G71E,,,,G154R, G283E, M288R,T105A,V30F,N117S,G148A, D183Y,,L353Q, S25G,L71R,A4T, D70N, H340R, Y345H,,,,,L88P, D161G, H182Q, V243A,,,,,,,,,,,,,,,,,,,,,,,,,,,,,,,,,,,,,,,,,,,,,,,
AND07-007,GEMARA,Pseudomonas aeruginosa,ST683,256,R,256,R,64,R,32,R,2,S,2,S,32,R,4,S,2,S,16,R,2,S,16,I,1,S,+,,,,,T595I,,nt16Δ4,,,,,,LESB58,,,,H398R,P128S, L153R, S170N,Q282R, T543A, V980I,K329Q, L331V, W358R,A47P,A104P,D249N,F172I,A394P,T83I,,G71E,,,A303V, M297V,,T105A,,,G148A, D183Y,,K607R, L353Q,L71R,Y345H,,D142N,,,L88P, D161G, H182Q, V243A,,,,,,,,,,,,,,,,,,,,,,,,,,,,,,,,,,,,,,,,,,,,,,,
AND07-017,GEMARA,Pseudomonas aeruginosa,ST260,256,R,256,R,64,R,32,R,4,S,4,S,32,R,2,S,1,S,1,R,1,S,16,I,1,S,,,,,,,,,,,A219T,,,LESB58,,,,H398R,V55I, I80L,T543A, Q840E, G1002A,A30T, K329Q, L331V, W358R,R65C, L138R,A104P,E205V, D249N,F172I,,aa914ΔPS,,G71E, S209R,,,,,T105A,,,G46S, G148A,,,L71R,Y345H, G443R,V646L,,,,C40R, L88P, D161G, H182Q, V243A,,,,,,,,,,,,,,,,,,,,,,,,,,,,,,,,,,,,,,,,,,,,
AND07-027,GEMARA,Pseudomonas aeruginosa,ST17,>512,R,>256,R,32,R,64,R,16,R,4,S,64,R,1,S,8,I,>16,R,0.5,S,<=2,S,1,S,,,OXA-10,,,,,,,,A219T,S250N,L165M, F170V,LESB58,,,,V216A, H398R,,T543A,K329Q, L331V, W358R,,A104P,D249N,P60S, F172I,,T83I, V671I, G860S,nt159Δ2,G71E, S209R,V29I,,Ter452Rext*,,T105A, L176R,,,A136V, G148A,,S25G,,Y345H,S87L,D533E,P388S,P444S,C40R, L88P, D161G, H182Q, V243A,,,,,,,,,,,,,,,,,,,,,,,,,,,,,,,,,,,,,,,,,,,,,
ARA01-015,GEMARA,Pseudomonas aeruginosa,ST235,>512,R,>256,R,>64,R,64,R,>32,R,>32,R,32,R,>32,R,>64,R,8,R,>32,R,128,R,1,S,,,VIM-2,aac(6')Ib-cr,,,V126E,,G957D,,A208V,A287S,R140E,UCBPP-PA14,,Y85F,,H194Q, H398R,L153R, S170N,T543A, M574R,A30T, K329Q, L331V, W358R,nt385Δ1,A104P, V466I,D249N,P60S, F172I,,T83I,,G71E, E153Q, S209R,,,,G283E, M288R,G27D, A97V, T105A, V205L, G391A,,,Q51X, G148A,,L353Q, S25G,L71R,A4T, G68S, Y345H, G362S,S87L,D533E,,,L88P, D161G, H182Q, R204C, V243A,,,,,,,,,,,,,,,,,,,,,,,,,,,,,,,,,,,
ARA01-037,GEMARA,Pseudomonas aeruginosa,ST111,512,R,256,R,>64,R,64,R,8,R,16,R,128,R,16,R,64,R,>16,R,32,R,16,I,2,S,+,+,OXA-46,aacA4,,,V126E,,,,A219T,,nt463Δ13,FRD1,,,,L137P, H398R,,G530S,K329Q, L331V, W358R,,A104P,D249N,F172I,,T83I, V671I, G860S,,G71E,,,D411A,G283E,T105A,,R504C,,,M715K, K607R,L71R,A4T, V6A, V15I, G68S, Y345H,S87L,,,,L88P, D161G, H182Q, V243A,,,,,,,,,,,,,,,,,,,,,,,,,,,,,,,,,,,,,,,,,,,,,,
ARA01-045,GEMARA,Pseudomonas aeruginosa,ST973,512,R,32,R,16,R,16,R,>32,R,32,R,16,I,>32,R,64,R,16,R,>32,R,16,I,8,R,,,VIM-2,aadA1,,,V126E,,,,A219T,S250N,nt768IS,LESB58,,,,V152A, H398R,,V299M, T543A, I642V, Q840E, Q1039H,K329Q, L331V, W358R,L93P,,D249N,F172I,,T83I,N129K, nt451Δ1,G71E, S209R,,,V358I, M297V,E114A, E172V, A208T,R79Q, T105A,,,H71Q, G148A, D183Y,,,L71R,Y345H,L95Q,,,W132X,E35K, L88P, D161G, H182Q, I237V, Ans238S, V243A, A352V,,,,,,,,,,,,,,,,,,,,,,,,,,,,,,,,,,,,,
ARA01-049,GEMARA,Pseudomonas aeruginosa,ST365,128,R,32,R,8,S,16,R,2,S,8,S,32,R,2,S,16,R,>16,R,1,S,16,I,4,R,+,,,,,,R63H,,E429D,,,S250N,,MTB-1,,Y85F,,H398R,E87K, L153R, S170N,T543A, Q840E, N1036T, Q1039R,K329Q, L331V, W358R,L138R,A104P, A258T,D249N,P60S, F172I,,T83I,,G71E, S209R,,,,E114A, G283E, M288R,T16I, G27D, T105A, P148S, V205L, G391A,,,,,D502G, L353Q, S25G,L71R,G68S, Y345H,,D533E,,,C40R, L88P, S112N, D119E, D207N, I237V, V243A,,,,,,,,,,,,,,,,,,,,,,,,,,,,,,,,,
ARA02-009,GEMARA,Pseudomonas aeruginosa,ST235,256,R,256,R,16,R,16,R,2,S,8,S,64,R,8,I,32,R,>16,R,1,S,8,S,1,S,+,+,,,cmIA1,,V126E,,G957D,,A208V,A287S,,UCBPP-PA14,,Y85F,,A149T, H398R,L153R, S170N,T543A,A30T, K329Q, L331V, W358R,,A104P, V466I,D249N,P60S, F172I,,T83I, D87N,T4I,G71E, E153Q, S209R,,,,M288R, G283E,G27D, A97V, T105A, V205L, G391A,,,V10A, T139A, G148A,,L353Q, S25G,L71R,A4T, G68S, Y345H, G362S,S87L,D533E,,,L88P, D161G, H182Q, R204C, V243A,,,,,,,,,,,,,,,,,,,,,,,,,,,,,,,,,,
ARA02-015,GEMARA,Pseudomonas aeruginosa,ST175,512,R,32,R,16,R,16,R,>32,R,16,R,4,I,>32,R,32,R,>16,R,>32,R,32,R,2,S,,,OXA-2, VIM-20,aph(3')-Via, aadA13,,,,,,,A219T,S250N,W339X,LESB58,,,,H398R,,T543A,K329Q, W358R,G195D,,D249N,P60S, F172I,,T83I, D87N,,G71E, A186T,,,,,,,,G148A, D183Y,,,G19E,Y345H,S87W, L168Q,,E245D,,L88P, D161G, H182Q, V243A, V266M,,,,,,,,,,,,,,,,,,,,,,,,,,,,,,,,,,,,,,,,,,,,,,,
ARA02-017,GEMARA,Pseudomonas aeruginosa,ST175,>512,R,32,R,32,R,16,R,>32,R,32,R,8,I,>32,R,64,R,>16,R,32,R,16,I,4,R,,,OXA-2, VIM-20,aph(3')-Via, aadB,,,,,,,A219T,S250N,nt55Δ40,LESB58,,,,H398R,,T543A,K329Q, W358R,G195D,E37K, A104P,D249N,P60S, F172I,,T83I, D87N,,G71E, A186T,,,,,,,,G148A, D183Y,,,,L301F, Y345H,S87W, L168Q,,E245D,,L88P, D161G, H182Q, V243A, V266M,,,,,,,,,,,,,,,,,,,,,,,,,,,,,,,,,,,,,,,,,,,,,
ARA02-029,GEMARA,Pseudomonas aeruginosa,ST111,>512,R,256,R,16,R,16,R,1,S,4,S,16,I,16,R,4,I,>16,R,32,R,4,S,1,S,+,+,CARB-2,aadA2,,,V126E,,,,A219T,,,FRD1,,,,L137P, H398R, nt109Δ1,,G530S,K329Q, L331V, W358R,,A104P,D249N,F172I,,T83I, V671I, G860S,,G71E,,,D411A,G283E,T105A,,,G148A,,M715K, K607R,L71R,A4T, V6A, V15I, G68S, Y345H,S87L,,G596R,nt210Δ6,L88P, D161G, H182Q, V243A,,,,,,,,,,,,,,,,,,,,,,,,,,,,,,,,,,,,,,,,,,,,,
ARA02-040,GEMARA,Pseudomonas aeruginosa,ST175,128,R,64,R,16,R,8,S,2,S,4,S,32,R,16,R,16,R,>16,R,16,R,4,S,1,S,+,+,,aadB,,,,,,,A219T,S250N,Q142X,LESB58,,,,,,T543A,K329Q, W358R,G195D,E37K, A104P,D249N,P60S, F172I,,T83I, D87N,,G71E, A186T,,,,G154R,,,,G148A, D183Y,,,,Y345H,S87W, L168Q,,E245D,T211P,L88P, D161G, H182Q, V243A, V266M,,,,,,,,,,,,,,,,,,,,,,,,,,,,,,,,,,,,,,,,,,,,,,,,
ARA03-008,GEMARA,Pseudomonas aeruginosa,ST308,128,R,256,R,32,R,16,R,2,S,8,S,32,R,2,S,1,S,16,R,>32,R,64,R,1,S,+,+,,,strA, strB,,V126E,,G957D,,,V201M, A287S,,UCBPP-PA14,,,,L137P, V216A, H398R,L153R, S170N, nt618InsA,I536V, T543A, G589A, Q840E, N1036T,A30T, K329Q, L331V, W358R,G89S, nt483InsTAT,A104P,V73A, D249N,F172I,,T83I,,G71E, D79E, S209R,,,,G283E, M288R,G27D, T105A, V205L, V356I, G391A,,,A96T,,L353Q, S25G,,S2P, A4T, V15I, G68S, Y345H,S87L, P752T,D533E,D73N,nt143Δ9,C40R, L88P, S112N, D119E, I237V, V243A,V40I,,,,,,,,,,,,,,,,,,,,,,,,,
AST01-007,GEMARA,Pseudomonas aeruginosa,ST175,128,R,128,R,32,R,16,R,2,S,4,S,16,I,8,I,8,I,>16,R,16,R,4,S,1,S,+,+,,,,,,,,,A219T,S250N,Q142X,LESB58,,,,H398R,,T543A,K329Q,G195D,E37K, A104P,D249N,P60S, F172I,,T83I, D87N,,G71E, A186T,,,,G154R,,,,G148A, D183Y,,,,Y345H,S87W, L168Q,,E245D,T211P,L88P, D161G, H182Q, V243A, V266M,,,,,,,,,,,,,,,,,,,,,,,,,,,,,,,,,,,,,,,,,,,,,,,,,
AST01-025,GEMARA,Pseudomonas aeruginosa,ST308,256,R,256,R,64,R,16,R,4,S,8,S,32,R,1,S,2,S,>16,R,>32,R,16,I,1,S,+,,,aacA4,strA, strB,E468D,V126E,,G957D,,,A287S,,UCBPP-PA14,,,,L137P, V216A, H398R,L153R, S170N, nt618InsA,I536V, T543A, G589A, Q840E, N1036T,A30T, K329Q, L331V, W358R,G89S, nt483InsTAT,A104P,V73A, D249N,F172I,,T83I,,G71E, D79E, S209R,,,,G283E, M288R,G27D, T105A, V205L, V356I, G391A,,,A96T,,L353Q, S25G,,S2P, A4T, V15I, G68S, Y345H,S87L, P752T,P438S, D533E,D73N,,C40R, L88P, S112N, D119E, I237V, V243A,V40I,,,,,,,,,,,,,,,,,,,,,,,,,
AST01-026,GEMARA,Pseudomonas aeruginosa,ST175,64,R,64,R,16,R,8,S,1,S,4,S,8,I,16,R,8,I,>16,R,32,R,8,S,1,S,+,+,,aadB,,,,,,,A219T,S250N,Q142X,LESB58,,,,H398R,,T543A,K329Q,G195D,E37K, A104P,D249N,P60S, F172I,,T83I, D87N,,G71E, A186T,,,,G154R,,,,G148A, D183Y,,,,Y345H,S87W, L168Q,,E245D,T211P,L88P, D161G, H182Q, V243A, V266M,,,,,,,,,,,,,,,,,,,,,,,,,,,,,,,,,,,,,,,,,,,,,,,,,
AST01-042,GEMARA,Pseudomonas aeruginosa,ST235,128,R,256,R,32,R,16,R,2,S,8,S,32,R,1,S,4,I,16,R,1,S,8,S,<=0.5,S,+,,,aadA6,,,V126E,,G957D,,A208V,A287S,,UCBPP-PA14,,Y85F,,H398R,L153R, S170N,T543A,A30T, K329Q, L331V, W358R,,A104P, V466I,D249N,P60S, F172I,,T83I,,G71E, E153Q, S209R,,,,G283E, M288R,G27D, A97V, T105A, V205L, G391A,,,G148A, nt377Δ1,,L353Q, S25G,L71R,A4T, G68S, Y345H, G362S,S87L,D533E,,,L88P, D161G, H182Q, R204C, V243A,,,,,,,,,,,,,,,,,,,,,,,,,,,,,,,,,,,,,
BAL01-003,GEMARA,Pseudomonas aeruginosa,ST175,128,R,128,R,16,R,4,S,1,S,2,S,16,I,8,I,8,I,>16,R,16,R,4,S,2,S,+,+,,aadB,,,,,,,A219T,S250N,Q142X,LESB58,,,,H398R,,T543A,K329Q, W358R,G195D,E37K, A104P,D249N,P60S, F172I,,T83I, D87N,,G71E, A186T,,,,G154R,,,,G148A, D183Y,,,,Y345H,S87W, L168Q,,E245D,T211P,L88P, D161G, H182Q, V243A, V266M,,,,,,,,,,,,,,,,,,,,,,,,,,,,,,,,,,,,,,,,,,,,,,,,
BAL01-013,GEMARA,Pseudomonas aeruginosa,ST175,>512,R,16,S,64,R,32,R,>32,R,>32,R,32,R,2,S,16,R,>16,R,16,R,4,S,2,S,,,,aadB,,,,,,,A219T,S250N,Q142X,LESB58,,,,,,T543A,K329Q, W358R,G195D,E37K, A104P,D249N,,,T83I, D87N,,G71E, A186T,,,,G154R,G183D,,R504C,G148A, D183Y,,,,Y345H,S87W, L168Q,,E245D,T211P,L88P, D161G, H182Q, V243A, V266M,,,,,,,,,,,,,,,,,,,,,,,,,,,,,,,,,,,,,,,,,,,,,,,,,
BAL01-034,GEMARA,Pseudomonas aeruginosa,ST179,>512,R,128,R,2,S,32,R,4,S,2,S,8,I,2,S,8,I,16,R,8,R,8,S,1,S,,,OXA-10,aadA1,QnrVC1, dfrA14,,,,,,A219T,,,LESB58,,S300R,,V291L, H398R,,T543A,K329Q, L331V, W358R,nt144InsT,A20S, G58D,D249N,F172I,,T83I,,G71E, S209R,,,A303V, M297V,,T105A, L176R,,,Q44H, G148A, D183Y,,L353Q,,Y345H,,,,,L88P, D161G, H182Q, V243A,,,,,,,,,,,,,,,,,,,,,,,,,,,,,,,,,,,,,,,,,,,,,,
BAL02-013,GEMARA,Pseudomonas aeruginosa,ST235,256,R,32,R,4,S,16,R,1,S,4,S,8,I,16,R,16,R,>16,R,>32,R,64,R,1,S,,+,OXA-2,aadA6, aac(6´)-31,,,K44M, V126E,,G957D,,A208V,A287S,nt710InsTT,UCBPP-PA14,,Y85F,,H398R,L153R, S170N,T543A,A30T, K329Q, L331V, W358R,V48A,A104P, V466I,D249N,P60S, F172I,,T83I,,G71E, E153Q, S209R,,,,G283E, M288R,G27D, A97V, T105A, V205L, G391A,,,G148A,,L353Q, S25G,L71R,A4T, G68S, V344M, Y345H, G362S,S87L,D533E,,nt210Δ6,L88P, D161G, H182Q, R204C, V243A,,,,,,,,,,,,,,,,,,,,,,,,,,,,,,,,,,,
BAL02-015,GEMARA,Pseudomonas aeruginosa,ST9,512,R,256,R,64,R,32,R,4,S,32,R,64,R,4,S,16,R,8,R,1,S,8,S,1,S,+,,,,,S466Y,nt373Δ1,,,,A219T,,,LESB58,,,,L137P, H398R,,T543A,K329Q, L331V,,A104P,D249N,F172I,A394P,,,G71E, S209R,,,,,T105A,Y683C,,nt393Δ1,,L353Q,L71R,Y345H,,,A368T, S631I,,L88P, D161G, H182Q, V243A,,,,,,,,,,,,,,,,,,,,,,,,,,,,,,,,,,,,,,,,,,,,,,,,,,,,
BAL02-023,GEMARA,Pseudomonas aeruginosa,ST3194,256,R,128,R,64,R,32,R,4,S,32,R,64,R,2,S,8,I,<=0.12,S,0.5,S,16,I,1,S,+,,,,,,V126E,,I186V,,,,,UCBPP-PA14,,,,H398R,L153R, S170N,I536V, T543A, N1036T, Q1039R,K329Q, L331V, W358R,,A104P,D249N,P28L, P60S, F172I,H473Y,,,G71E, A145V, S209R,,,M297V,E114A, I251V, G283E, M288R,G27D, T105A, V205L, G391P,,,,D56G,L353Q, S25G,L71R,A4T, V15I, G68S, Y345H, R474Q,S197L, H262Q,S261L, D533E,,Ter449Gext*,C40R, S112N, D161G, H182Q, I237V, V243A,,,,,,,,,,,,,,,,,,,,,,,,,,,,,,,
BAL03-002,GEMARA,Pseudomonas aeruginosa,ST175,128,R,64,R,64,R,16,R,32,R,4,S,16,I,4,S,8,I,>16,R,>32,R,8,S,4,R,+,,,aadB,,,,,,,A219T,S250N,Q142X,LESB58,,,,H398R,,T543A,K329Q, W358R,G195D,E37K, A104P,D249N,P60S, F172I,,T83I, D87N,,G71E, A186T,,,,G154R,E247G,,,G148A, D183Y,,,,Y345H,S87W, L168Q,,E245D,T211P,L88P, D161G, H182Q, V243A, V266M,,,,,,,,,,,,,,,,,,,,,,,,,,,,,,,,,,,,,,,,,,,,,,,,
BAL03-003,GEMARA,Pseudomonas aeruginosa,ST395,256,R,64,R,>64,R,32,R,>32,R,>32,R,32,R,16,R,32,R,4,R,>32,R,16,I,2,S,,+,OXA-15 ,aacA4,,S466Y,,,,,R66C,S250N,nt676IS,LESB58,,,,R385H, H398R,,T543A,H119Y, K329Q,,A104P,D249N,F172I,,aa914InsSE,aa15Δ1,G71E,,,V358I, M297V,,T105A, L176R,,,A134V,,,L71R,Y345H,,V200M,,,L88P, D161G, H182Q, V243A,,,,,,,,,,,,,,,,,,,,,,,,,,,,,,,,,,,,,,,,,,,,,,,,,,,,
BAL03-028,GEMARA,Pseudomonas aeruginosa,ST235,256,R,16,S,8,S,16,R,1,S,4,S,8,I,1,S,4,I,16,R,32,R,32,R,1,S,,,OXA-2, aadA6, aac(6´)-31,,,K44M, V126E,,G957D,,A208V,A287S,,UCBPP-PA14,,Y85F,,H398R,L153R, S170N,T543A,A30T, K329Q, L331V, W358R,V48A,A104P, V466I,D249N,P60S, F172I,,T83I,,G71E, E153Q, S209R,,,,G283E, M288R,G27D, A97V, T105A, V205L, G391A,,,G148A,,L353Q, S25G,L71R,A4T, G68S, V344M, Y345H, G362S,S87L,D533E,,nt210Δ6,L88P, D161G, H182Q, R204C, V243A,,,,,,,,,,,,,,,,,,,,,,,,,,,,,,,,,,,
BAL04-003,GEMARA,Pseudomonas aeruginosa,ST390,>512,R,>256,R,>64,R,64,R,8,R,32,R,128,R,16,R,32,R,4,R,<=0.25,S,4,S,1,S,+,+,,,,,nt80InsA,,,A478T, nt1446InsC,A219T,V305M, S250N,nt438InsC ,LESB58,,,,H398R,A41G,I536V, T543A, G589A,A30T, K329Q, L331V, W358R, A375P, A383P,L138R,A104P,D249N,P60S, F172I,A474T,T83I,,G71E,,,,D135G,R79Q, T105A, R235H,,R551L,G148A, S175L,,G503D, L353Q, S25G,L71R,Y345H,D422A,,,nt1107Δ1,L88P, D161G, H182Q, V243A, G258S,,,,,,,,,,,,,,,,,,,,,,,,,,,,,,,,,,,,,,,,
BAL04-015,GEMARA,Pseudomonas aeruginosa,ST175,64,R,128,R,16,R,16,R,2,S,2,S,8,I,16,R,4,I,>16,R,>32,R,8,S,1,S,+,+,,aadB, aph(3')-Vib,,,,Q281X,,,A219T,S250N,Q142X,LESB58,,,,H398R,,T543A,K329Q, W358R,G195D,E37K, A104P,D249N,P60S, F172I,,T83I, D87N,,G71E, A186T,,,,G154R,,,,G148A, D183Y,,,,Y345H,S87W, L168Q,,E245D,T211P,L88P, D161G, H182Q, V243A, V266M,nt4Δ4,,,,,,,,,,,,,,,,,,,,,,,,,,,,,,,,,,,,,,,,,,,,,,
BAL04-027,GEMARA,Pseudomonas aeruginosa,ST175,256,R,64,R,16,R,16,R,2,S,4,S,16,I,8,I,8,I,>16,R,32,R,4,S,2,S,+,+,,aadB,,,,,,,A219T,S250N,Q142X,LESB58,,,,H398R,,T543A,K329Q, W358R,G195D,,D249N,P60S, F172I,,T83I, D87N,,G71E, A186T,,,,G154R,,,,G148A, D183Y,,,,Y345H,S87W, L168Q,,E245D,T211P,L88P, D161G, H182Q, V243A, V266M,,,,,,,,,,,,,,,,,,,,,,,,,,,,,,,,,,,,,,,,,,,,,,,,,
CAN01-003,GEMARA,Pseudomonas aeruginosa,ST111,256,R,256,R,32,R,16,R,2,S,8,S,32,R,16,R,32,R,16,R,8,R,<=2,S,2,S,+,+,OXA-46::IS,aacA4,,,V126E,,,,A219T,,L432P,FRD1,,,,L137P, H398R, nt997Δ1,,G530S,K329Q, L331V, W358R,,A104P,D249N,F172I,,T83I, V671I, G860S,,G71E,,,D411A, aa439InsGGF,,T105A,,,G148A,,M715K, K607R,L71R,A4T, V6A, V15I, G68S, Y345H,S87L,,,G305D,L88P, D161G, H182Q, V243A,,,,,,,,,,,,,,,,,,,,,,,,,,,,,,,,,,,,,,,,,,,,
CAN01-004,GEMARA,Pseudomonas aeruginosa,ST175,128,R,128,R,16,R,16,R,2,S,4,S,16,I,16,R,16,R,>16,R,32,R,4,S,2,S,+,+,,aadB,,,,,,,A219T,S250N,nt199Δ1,LESB58,,,,H398R,,T543A,K329Q, W358R,G195D,E37K, A104P,D249N,P60S, F172I,,T83I, D87N,,G71E, A186T,,,,,,,,T139M, G148A, D183Y,,,,Y345H,S87W, L168Q,,E245D,,L88P, D161G, H182Q, V243A, V266M,,,,,,,,,,,,,,,,,,,,,,,,,,,,,,,,,,,,,,,,,,,,,,,
CAN01-017,GEMARA,Pseudomonas aeruginosa,ST245,128,R,32,R,32,R,8,S,1,S,32,R,32,R,16,R,16,R,1,R,<=0.25,S,4,S,2,S,+,,,aac(3)-Ia,,,nt120Δ1,,,A261T,A219T,S250N,,F23197,,,,H398R,,T543A, Q840E,K329Q, L331V, W358R,,A104P,D249N,F172I,,,,G71E, S209R,,,A303V, M297V,,R79Q, T105A,,,D28G, G148A, S175L,,S25G,L71R,Y345H,H262Q,,E53K, S631I,A439T,L88P, D161G, H182Q, V243A,,,,,,,,,,,,,,,,,,,,,,,,,,,,,,,,,,,,,,,,,,,,,,,
CAN01-025,GEMARA,Pseudomonas aeruginosa,ST1149,256,R,256,R,64,R,32,R,8,R,16,R,32,R,16,R,32,R,>16,R,16,R,4,S,2,S,,+,,,,,V126E,,,,,S250N,W339X,MTB-1,,,,S352I, H398R,L153R, S170N,T543A, N1036T,A30T, K329Q, L331V, W358R,,A102T, A104P,D249N,F172I,,T83I,,G71E, S209R,I136V,,M297V,E114A, G283E, M288R,G27D, T105A, V205L, G391A,,,,,L353Q, S25G,,A4T, V6A, V15I, G68S, Y345H,,D533E,,Ter449Gext*,C40R, L88P, S112N, D119E, I237V, V243A,,,,,,,,,,,,,,,,,,,,,,,,,,,,,,,,,,,,
CAN01-026,GEMARA,Pseudomonas aeruginosa,ST2136,128,R,32,R,8,S,16,R,>32,R,>32,R,16,I,32,R,32,R,>16,R,16,R,16,I,2,S,,,,,,,,,,,,S250N,,LESB58,,,,H398R,V55I, I80L,T543A, Q840E, G1002A,A30T, K329Q, L331V,,A104P,E205V, D249N,F172I,,aa914ΔPS,,G71E, S209R,,,,,T105A,,R441H,G46S, G148A,,,L71R,Y345H,V646L,,,,C40R, L88P, D161G, H182Q, V243A,,,,,,,,,,,,,,,,,,,,,,,,,,,,,,,,,,,,,,,,,,,,,,,
CAN01-028,GEMARA,Pseudomonas aeruginosa,ST253,128,R,32,R,4,S,8,S,2,S,4,S,8,I,8,I,16,R,>16,R,16,R,<=2,S,2,S,,+,,,,,V126E,,,,,,,UCBPP-PA14,,,,H398R,L153R, S170N,I536V, T543A, G589A, Q840E, N1036T, Q1039R,A30T, K329Q, L331V, W358R,L138R, N186S,A104P,D249N,F172I,Q156H,aa914ΔPS,,G71E, A145V, S209R,,,M297V,E114A, G283E, M288R,G27D, A55T, T105A, Q155R, V205L, G391A,,,,R21H, D56G,L353Q, S25G,,S2P, A4T, V15I, G68S, Y345H,R131S,D533E,I418T, N622K,,C40R, L88P, S112N, D119E, I237V, V243A,,,,,,,,,,,,,,,,,,,,,,,,,,,,
CAN01-037,GEMARA,Pseudomonas aeruginosa,ST3134,64,R,16,S,16,R,32,R,4,S,4,S,8,I,8,I,4,I,8,R,16,R,128,R,1,S,+,+,,,,G481D,V126E,,W753R,,A219T,,,LESB58,A92V, Q124X,,,H398R,,V475A, Q840E,K329Q, L331V, W358R,nt590InsC,Y495H,D249N,M7V, F172I,,T83I,,G71E, A186T,,,S119G, nt112InsC,,T105A,T671I,,G148A,,L353Q,L71R,G188S, Y345H,V646L,,,,R52C, L88P, D161G, H182Q, V243A,,,,,,,,,,,,,,,,,,,,,,,,,,,,,,,,,,,,,,,,,,,,,,,
CAN01-038,GEMARA,Pseudomonas aeruginosa,ST274,128,R,32,R,8,S,16,R,2,S,8,S,32,R,16,R,32,R,1,R,0.5,S,4,S,1,S,+,+,,,,H148N,nt318InsG,,,,,S250N,Y214X,LESB58,,,,A82T, T131P, H398R,,T543A, Q840E,K329Q, L331V, D346H, W358R,,A104P,D249N,F172I,A358V, A394P,,,G71E, S209R,,,M297V,,T21A, T105A,,,R11L, G148A, D183Y,,S25G,L71R,Y345H,,,,,L88P, D119E,,,,,,,,,,,,,,,,,,,,,,,,,,,,,,,,,,,,,,,,,,,,,,,
CAN01-039,GEMARA,Pseudomonas aeruginosa,ST308,256,R,256,R,64,R,32,R,4,S,16,R,64,R,2,S,2,S,>16,R,>32,R,32,R,1,S,,,,aacA4, aac(6')Ib-cr,strA, strB,E468D,V126E,,G957D,,,A287S,,UCBPP-PA14,,,,L137P, V216A, H398R,L153R, S170N, nt618InsA,I536V, T543A, G589A, Q840E, N1036T,A30T, K329Q, L331V, W358R,G89S, nt483InsTAT,A104P,V73A, D249N,F172I,,T83I,,G71E, D79E, S209R,,,,G283E, M288R,G27D, T105A, V205L, V356I, G391A,,,A96T,,L353Q, S25G,,A4T, V15I, G68S, Y345H,S87L, P752T,P438S, D533E,D73N,,C40R, L88P, S112N, D119E, I237V, V243A,V40I,,,,,,,,,,,,,,,,,,,,,,,,,
CAT01-001,GEMARA,Pseudomonas aeruginosa,ST3149,256,R,256,R,64,R,32,R,4,S,16,R,64,R,2,S,2,S,8,R,2,S,32,R,1,S,+,,,,,,,D373E,,V72L,A219T,S250N,,LESB58,,,,A345T, H398R,L90I,T543A,K329Q, L331V, W358R,nt525Δ8,,D249N,P60S, F172I,,T83I,T11N,G71E,,A619E,M297V,,R79Q,,L23V,D28G,,L353Q,L71R,,,D533E,D309E,,L88P, D161G, H182Q, V243A, A262S,,,,,,,,,,,,,,,,,,,,,,,,,,,,,,,,,,,,,,,,,,,,,,,,,,,
CAT01-015,GEMARA,Pseudomonas aeruginosa,ST175,256,R,128,R,32,R,16,R,2,S,8,S,16,I,16,R,8,I,>16,R,>32,R,8,S,1,S,+,+,,aacA4,,,,,,,A219T,S250N,Q142X,LESB58,,,,H398R,,T543A,K329Q,G195D,E37K, A104P,D249N,P60S, F172I,,T83I, D87N,,G71E, A186T,,,,G154R,,,,G148A, D183Y,,,,Y345H,S87W, L168Q,,E245D,,L88P, D161G, H182Q, V243A, V266M,,,,,,,,,,,,,,,,,,,,,,,,,,,,,,,,,,,,,,,,,,,,,,,,,
CAT02-007,GEMARA,Pseudomonas aeruginosa,ST175,256,R,128,R,32,R,32,R,2,S,8,S,16,I,16,R,16,R,>16,R,32,R,4,S,1,S,+,+,,aadB,,,,,,,A219T,S250N,Q142X,LESB58,,,,H398R,,T543A,K329Q, W358R,G195D,E37K, A104P,D249N,F172I,,T83I, D87N,,G71E, A186T,,,,G154R,,,,G148A, D183Y,,,,Y345H,S87W, L168Q,,E245D,T211P,L88P, D161G, H182Q, V243A, V266M,,,,,,,,,,,,,,,,,,,,,,,,,,,,,,,,,,,,,,,,,,,,,,,,,
CAT02-012,GEMARA,Pseudomonas aeruginosa,ST235,512,R,256,R,32,R,32,R,2,S,4,S,32,R,16,R,32,R,16,R,>32,R,32,R,1,S,+,+,OXA-2,aac(6´)-31, aadA6,,,K44M, V126E,,G957D,,A208V,A287S,nt1216InsGTCCG,UCBPP-PA14,,Y85F,,H398R,L153R, S170N,T543A,A30T, K329Q, L331V, W358R,V48A,A104P, V466I,D249N,P60S, F172I,,T83I,,G71E, E153Q, S209R,,,,G283E, M288R,G27D, A97V, T105A, V205L, G391A,,,A96T, G148A,,L353Q, S25G,L71R,A4T, G68S, Y345H, G362S,S87L,D533E,,,L88P, D161G, H182Q, R204C, V243A,,,,,,,,,,,,,,,,,,,,,,,,,,,,,,,,,,,
CAT02-015,GEMARA,Pseudomonas aeruginosa,ST235,256,R,16,S,>64,R,32,R,32,R,4,S,128,R,8,I,8,I,8,R,>32,R,64,R,2,S,,+,OXA-2, PER-1,aph(3')-VIb,strA, strB, cmIA1, tet(Y),,V126E,,G957D,,A208V,A287S,nt30InsGC,UCBPP-PA14,,Y85F,,H398R,L153R, S170N,T543A,A30T, K329Q, L331V, W358R,,A104P, V466I,D249N,P60S, F172I,,T83I,,G71E, E153Q, S209R,,,,G283E, M288R,G27D, A97V, T105A, V205L, G391A,,,P41S, G148A,,L353Q, S25G,L71R,A4T, G68S, Y345H, G362S,,E459K, D533E,,,Ter14Qext*, L88P, D161G, H182Q, R204C, V243A,,,,,,,,,,,,,,,,,,,,,,,,,,,,,,,
CAT02-018,GEMARA,Pseudomonas aeruginosa,ST235,512,R,256,R,>64,R,64,R,>32,R,16,R,>128,R,8,I,16,R,8,R,>32,R,64,R,2,S,,+,OXA-2, PER-1,aph(3')-VIb,strB, strA, cmIA1, tet(Y),,V126E,,G957D,,A208V,A287S,nt30InsGC,UCBPP-PA14,,Y85F,,H398R,L153R, S170N,T543A,A30T, K329Q, L331V, W358R,,A104P, V466I,D249N,P60S, F172I,,T83I,,G71E, E153Q, S209R,,,,G283E, M288R,G27D, A97V, T105A, V205L, G391A,,,P41S, G148A,,L353Q, S25G,L71R,A4T, G68S, Y345H, G362S,,E459K, D533E,,,Ter14Qext*, L88P, D161G, H182Q, R204C, V243A,,,,,,,,,,,,,,,,,,,,,,,,,,,,,,,
CAT02-020,GEMARA,Pseudomonas aeruginosa,ST175,128,R,128,R,32,R,16,R,2,S,8,S,16,I,16,R,16,R,>16,R,32,R,4,S,1,S,+,+,,aadB,,,,,,,A219T,S250N,Q142X,LESB58,,,,H398R,,T543A,K329Q, W358R,G195D,E37K, A104P,D249N,P60S, F172I,,T83I, D87N,,G71E, A186T,,,,G154R,,,,G148A, D183Y,,,,Y345H,S87W, L168Q,,E245D,T211P,L88P, D161G, H182Q, V243A, V266M,,,,,,,,,,,,,,,,,,,,,,,,,,,,,,,,,,,,,,,,,,,,,,,,
CAT03-004,GEMARA,Pseudomonas aeruginosa,ST175,256,R,128,R,32,R,16,R,2,S,8,S,16,I,16,R,16,R,>16,R,>32,R,4,S,2,S,+,+,,aadB,,,,,,,A219T,S250N,Q142X,LESB58,,,,H398R,,T543A,K329Q, W358R,G195D,E37K, A104P,D249N,P60S, F172I,,T83I, D87N,,G71E, A186T,,,,G154R,,,,G148A, D183Y,,,,Y345H,S87W, L168Q,,E245D,T211P,L88P, D161G, H182Q, V243A, V266M,,,,,,,,,,,,,,,,,,,,,,,,,,,,,,,,,,,,,,,,,,,,,,,,
CAT04-001,GEMARA,Pseudomonas aeruginosa,ST253,256,R,256,R,64,R,64,R,4,S,32,R,64,R,16,R,32,R,>16,R,0.5,S,4,S,2,S,+,+,,,,,R73L, V126E,,,,,,Q402H,UCBPP-PA14,,,,H398R,L153R, S170N,I536V, T543A, G589A, Q840E, N1036T, Q1039R,A30T, K329Q, L331V, W358R,L138R, N186S,A104P,D249N,F172I,Q156H,T83I, aa914Δ2,,G71E, A145V, S209R,,A481T,V420M, M297V,E114A, G283E, M288R,G27D, A55T, T105A, Q155R, V205L, G391A,,,S75F,R21H, D56G,L353Q, S25G,,A4T, V15I, G68S, Y345H,S87W,D533E,I418T, N622K,,C40R, L88P, S112N, D119E, I237V, V243A,,,,,,,,,,,,,,,,,,,,,,,,,,
CAT04-016,GEMARA,Pseudomonas aeruginosa,ST253,128,R,128,R,32,R,16,R,16,R,8,S,32,R,8,I,16,R,>16,R,0.5,S,8,S,2,S,,+,,,,,V126E,,,,,,nt106InsG,UCBPP-PA14,,,,H398R,L153R, S170N,I536V, T543A, G589A, Q840E, N1036T, Q1039R,A30T, K329Q, L331V, W358R,V105G, L138R, N186S,A104P,D249N,F172I,Q156H,T83I, V671I, G860S,,G71E, A145V, S209R,,A481T,M297V,E114A, G283E, M288R,G27D, A55T, T105A, Q155R, V205L, G391A,,,,R21H, D56G,L353Q, S25G,,A4T, V15I, G68S, Y345H,S87W,D533E,I418T, N622K,,C40R, L88P, S112N, D119E, I237V, V243A,,,,,,,,,,,,,,,,,,,,,,,,,,
CAT04-032,GEMARA,Pseudomonas aeruginosa,ST175,128,R,128,R,64,R,32,R,2,S,8,S,32,R,16,R,8,I,>16,R,32,R,8,S,2,S,+,+,,aadB,,,,,,,A219T,S250N,Q142X,LESB58,,,,H398R,,T543A,K329Q,G195D,E37K, A104P,D249N,P60S, F172I,,T83I, D87N,,G71E, A186T,,,,G154R,,,,G148A, D183Y,,,,Y345H,S87W, L168Q,,E245D,T211P,L88P, D161G, H182Q, V243A, V266M,,,,,,,,,,,,,,,,,,,,,,,,,,,,,,,,,,,,,,,,,,,,,,,,,
CAT05-001,GEMARA,Pseudomonas aeruginosa,ST175,64,R,64,R,16,R,16,R,2,S,4,S,8,I,8,I,4,I,>16,R,16,R,<=2,S,1,S,+,+,,,,,,,,,A219T,S250N,Q142X,LESB58,,,,H398R,,T543A,K329Q, W358R,G195D,E37K, A104P,D249N,P60S, F172I,,T83I, D87N,,G71E, A186T,,,,G154R,,,,G148A, D183Y,,,,Y345H,S87W, L168Q,,E245D,T211P,L88P, D161G, H182Q, V243A, V266M,,,,,,,,,,,,,,,,,,,,,,,,,,,,,,,,,,,,,,,,,,,,,,,,
CAT05-004,GEMARA,Pseudomonas aeruginosa,ST253,>512,R,>256,R,>64,R,>64,R,>32,R,>32,R,4,I,>32,R,>64,R,>16,R,2,S,4,S,2,S,,,VIM-1,aadA1, aph(3')-XV, aac(3)-I,,,V126E,,,,,,W77X,UCBPP-PA14,,,,H398R,L153R, S170N,I536V, T543A, G589A, Q840E, N1036T, Q1039R,A30T, K329Q, L331V, W358R,V105G, L138R, N186S,A104P,D249N,F172I,Q156H,T83I, V671I, G860S,,G71E, A145V, S209R,,A481T,M297V,E114A, G283E, M288R,G27D, A55T, T105A, Q155R, V205L, G391A,,,,R21H, D56G,L353Q, S25G,,S2P, A4T, V15I, G68S, Y345H,S87W,D533E,I418T, N622K,,C40R, L88P, S112N, D119E, I237V, V243A,,,,,,,,,,,,,,,,,,,,,,,
CAT05-005,GEMARA,Pseudomonas aeruginosa,ST175,64,R,64,R,16,R,16,R,1,S,1,S,8,I,8,I,2,S,>16,R,32,R,<=2,S,<=0.5,S,+,+,,aadB,,,,nt359Δ14,,,A219T,S250N,Q142X,LESB58,,,,H398R,,T543A,K329Q,G195D,E37K, A104P,D249N,P60S, F172I,,T83I, D87N,,G71E, A186T,,,,G154R,,,,G148A, D183Y,,,,Y345H,S87W, L168Q,,E245D,T211P,L88P, D161G, H182Q, V243A, V266M,,,,,,,,,,,,,,,,,,,,,,,,,,,,,,,,,,,,,,,,,,,,,,,,,
CAT05-008,GEMARA,Pseudomonas aeruginosa,ST111,>512,R,>256,R,32,R,16,R,2,S,8,S,32,R,8,I,16,R,>16,R,>32,R,8,S,2,S,+,+,CARB-2,aadA2,,,V126E,,,,A219T,,W77X,FRD1,,,,L137P, H398R,,G530S,K329Q, L331V, W358R,,A104P,D249N,F172I,,T83I, V671I, G860S,,G71E,,,D411A,,T105A,,,V10G, G148A,A121T,M715K, K607R,L71R,A4T, V6A, V15I, G68S, Y345H,S87L,,G596R,,L88P, D161G, H182Q, V243A,,,,,,,,,,,,,,,,,,,,,,,,,,,,,,,,,,,,,,,,,,,,,
CAT05-019,GEMARA,Pseudomonas aeruginosa,ST175,512,R,128,R,32,R,16,R,2,S,2,S,16,I,16,R,64,R,>16,R,4,S,4,S,1,S,,+,OXA-2,aadB,,,,,,,A219T,S250N,Q142X,LESB58,,,,H398R,,T543A,K329Q,G195D,E37K, A104P,D249N,P60S, F172I,,T83I, D87N,,G71E, A186T,,,,G154R,,,,G148A, D183Y,,,,Y345H,S87W, L168Q,,E245D,T211P,L88P, D161G, H182Q, V243A, V266M,,,,,,,,,,,,,,,,,,,,,,,,,,,,,,,,,,,,,,,,,,,,,,,,,
CAT06-008,GEMARA,Pseudomonas aeruginosa,ST175,256,R,64,R,4,S,8,S,2,S,1,S,4,I,16,R,1,S,>16,R,32,R,8,S,1,S,+,+,,aadB,,,,,A735D,,A219T,S250N,Q142X,LESB58,,,,H398R,,T543A,K329Q, W358R,G195D,E37K, A104P,D249N,P60S, F172I,A434T,T83I, D87N,,G71E, A186T,,,,G154R,,,,G148A, D183Y,,,,Y345H,S87W, L168Q,,E245D,T211P,L88P, D161G, H182Q, V243A, V266M,,,,,,,,,,,,,,,,,,,,,,,,,,,,,,,,,,,,,,,,,,,,,,,,
CAT06-016,GEMARA,Pseudomonas aeruginosa,ST175,128,R,128,R,32,R,16,R,2,S,4,S,32,R,16,R,16,R,>16,R,32,R,4,S,2,S,+,+,,aadB,,,,,,,A219T,S250N,Q142X,LESB58,,,,H398R,,T543A,K329Q, W358R,G195D,E37K, A104P,D249N,P60S, F172I,,T83I, D87N,,G71E, A186T,,,,G154R,,,,G148A, D183Y,,,,Y345H,S87W, L168Q,,E245D,T211P,L88P, D161G, H182Q, V243A, V266M,,,,,,,,,,,,,,,,,,,,,,,,,,,,,,,,,,,,,,,,,,,,,,,,
CAT06-019,GEMARA,Pseudomonas aeruginosa,ST175,64,R,16,S,8,S,16,R,1,S,1,S,8,I,16,R,16,R,16,R,>32,R,8,S,1,S,+,+,,aadB,,,,S258L,,,A219T,S250N,Q142X,LESB58,,,,H398R,,T543A,K329Q, W358R,G195D,E37K, A104P,D249N,P60S, F172I,,T83I, D87N,,G71E, A186T,,,,G154R,,,F533L,G148A, D183Y,,,,Y345H,S87W, L168Q,,E245D,T211P,L88P, D161G, H182Q, V243A, V266M,,,,,,,,,,,,,,,,,,,,,,,,,,,,,,,,,,,,,,,,,,,,,,,,
CAT06-021,GEMARA,Pseudomonas aeruginosa,ST1134,64,R,32,R,8,S,16,R,1,S,4,S,16,I,16,R,32,R,>16,R,32,R,4,S,1,S,+,,,,,,,D373E,,V72L,A219T,,,LESB58,,,,H398R,,T543A,K329Q, L331V, W358R,,,D249N,F172I,,A908T,,G71E, S209R,,,A303V, M297V,,T105A,,,R11L, G148A, D183Y,R82L,,L71R,Y345H,,A473V, D533E,,,C40R, L88P, D161G, H182Q, V243A,,,,,,,,,,,,,,,,,,,,,,,,,,,,,,,,,,,,,,,,,,,,,,,,
CAT06-022,GEMARA,Pseudomonas aeruginosa,ST1134,16,S,8,S,16,R,16,R,1,S,4,S,4,I,>32,R,32,R,16,R,32,R,4,S,1,S,,,,,,,,D373E,L772Q,V72L,A219T,,,LESB58,,,,H398R,,T543A,K329Q, L331V, W358R,,,D249N,F172I,,A908T,,G71E, S209R,,,A303V, M297V,,T105A,,,R11L, G148A, D183Y,R82L,,L71R,Y345H,,A473V, D533E,,,C40R, L88P, D161G, H182Q, V243A,,,,,,,,,,,,,,,,,,,,,,,,,,,,,,,,,,,,,,,,,,,,,,,,
CAT06-023,GEMARA,Pseudomonas aeruginosa,ST244,32,R,32,R,2,S,4,S,<=0.5,S,1,S,4,I,16,R,16,R,0.25,S,32,R,4,S,8,R,,,,,,,,,,,A219T,S250N,,PAO1,,,,H398R,,T543A, Q840E,K329Q, L331V, W358R,,A104P,A75V, D249N,P60S, F172I,,,,,,,A303V, M297V,,,,,R11L, G148A, D183Y,,S96N,L71R,,,,,A121T,L88P, G157D, D161G, H182Q, V243A,,,,,,,,,,,,,,,,,,,,,,,,,,,,,,,,,,,,,,,,,,,,,,,
CAT08-020,GEMARA,Pseudomonas aeruginosa,ST175,128,R,128,R,32,R,16,R,2,S,4,S,16,I,16,R,16,R,>16,R,16,R,4,S,1,S,+,+,,aadB,,,,,,,A219T,S250N,Q142X,LESB58,,,,H398R,,T543A,K329Q, W358R,G195D,E37K, A104P,D249N,P60S, F172I,,T83I, D87N,,G71E, A186T,,,,G154R,,,,G148A, D183Y,,,,Y345H,S87W, L168Q,,E245D,T211P,L88P, D161G, H182Q, V243A, V266M,,,,,,,,,,,,,,,,,,,,,,,,,,,,,,,,,,,,,,,,,,,,,,,,
CAT08-025,GEMARA,Pseudomonas aeruginosa,ST1889,256,R,64,R,16,R,16,R,2,S,16,R,64,R,8,I,8,I,>16,R,<=0.25,S,<=2,S,<=0.5,S,,+,,,,,,,,,A219T,R105Q,D43N,F23197,,,,H398R, nt921Δ4,,,,,A104P, I143L,D249N,F172I,,T83I,nt130InsGACC, D187H,G71E, A186T,,,M297V,,T21A, T105A, G391A,,,,,F234L,L71R,A4T, D70N, H340R, Y345H,S87L, E513D,I57V,,Ter449Gext*,L88P, D161G, H182Q, V243A,,,,,,,,,,,,,,,,,,,,,,,,,,,,,,,,,,,,,,,,,,,,,,
CAT08-026,GEMARA,Pseudomonas aeruginosa,ST299,>512,R,32,R,4,S,16,R,2,S,4,S,8,I,4,S,1,S,2,R,>32,R,32,R,1,S,,, CARB-12, AER (Aeromonas hydrophyla like),aacA4, aadA1, aph(3')-Ib, aac(6')Ib-cr,QnrVC1, dfrA1,,,,,,A219T,S250N,,UCBPP-PA14,,,,L137P,,E152D, T543A, Q840E,K329Q, R351S,,,D249N,P60S, F172I,,,,G71E, A186T,,,M297V,,T105A,,,G148A, D183Y,,L353Q, S25G,,Y345H,V646L ,D533E,E367G, S631I,,L88P, H182Q,,,,,,,,,,,,,,,,,,,,,,,,,,,,,,,,,,,,,,,,,,,,,
CAT08-034,GEMARA,Pseudomonas aeruginosa,ST175,128,R,64,R,16,R,16,R,2,S,4,S,16,I,16,R,8,I,>16,R,16,R,<=2,S,1,S,+,+,,aadB,,,,,,,A219T,S250N,Q142X,LESB58,,,,H398R,,T543A,K329Q, W358R,G195D,E37K, A104P,D249N,F172I,,T83I, D87N,,G71E, A186T,,,,G154R,,,,G148A, D183Y,G180S,,,Y345H,S87W, L168Q,,E245D,T211P,L88P, D161G, H182Q, V243A, V266M,,,,,,,,,,,,,,,,,,,,,,,,,,,,,,,,,,,,,,,,,,,,,,,,,
CAT09-001,GEMARA,Pseudomonas aeruginosa,ST235,256,R,32,R,16,R,16,R,2,S,8,S,32,R,16,R,16,R,>16,R,>32,R,32,R,1,S,+,,OXA-2,aadA6, aadB,strA, strB, tet(C),,V126E,,G957D,,A208V,A287S,,UCBPP-PA14,,Y85F,,H398R,L153R, S170N,T543A,A30T, K329Q, L331V, W358R,nt111InsGCGGACGCCGCCGGGGTTTCTCGCGGT,A104P, V466I,A52V, D249N,P60S, F172I, nt392InsC,,T83I,nt263Δ17,G71E, E153Q,,,,G283E, M288R,G27D, A97V, T105A, V205L, G391A,,,G148A,,L353Q, S25G,L71R,S2P, A4T, G68S, Y345H, G362S,S87L,D533E,,,L88P, D161G, H182Q, R204C, V243A,,,,,,,,,,,,,,,,,,,,,,,,,,,,,,,,,
CAT09-009,GEMARA,Pseudomonas aeruginosa,ST175,128,R,128,R,32,R,16,R,2,S,4,S,16,I,8,I,8,I,>16,R,32,R,4,S,1,S,+,+,,aadB,,,,,,,A219T,S250N,Q142X,LESB58,,,,H398R,,T543A,K329Q, W358R,G195D,E37K, A104P,D249N,P60S, F172I,,T83I, D87N,,G71E, A186T,,,,G154R,,,,G148A, D183Y,,,,Y345H,S87W, L168Q,,E245D,T211P,L88P, D161G, H182Q, V243A, V266M,,,,,,,,,,,,,,,,,,,,,,,,,,,,,,,,,,,,,,,,,,,,,,,,
CAT09-018,GEMARA,Pseudomonas aeruginosa,ST175,64,R,64,R,16,R,16,R,1,S,2,S,16,I,16,R,8,I,>16,R,>32,R,8,S,1,S,+,+,,aadB,,,,V229A,,,A219T,S250N,Q142X,LESB58,,,,H398R,,T543A,K329Q, W358R,G195D,E37K, A104P,D249N,P60S, F172I,,T83I, D87N,,G71E, A186T,,,,G154R,,,,G148A, D183Y,,,,Y345H,S87W, L168Q,,E245D,T211P,L88P, D161G, H182Q, V243A, V266M,,,,,,,,,,,,,,,,,,,,,,,,,,,,,,,,,,,,,,,,,,,,,,,,
CAT09-026,GEMARA,Pseudomonas aeruginosa,ST111,>512,R,256,R,4,S,16,R,1,S,4,S,8,I,16,R,8,I,16,R,2,S,<=2,S,1,S,,+,CARB-2,aadA2,,,V126E,,,,A219T,,Q66X,FRD1,,,,L137P, L227P, H398R,,G530S,L288W, K329Q, L331V, W358R, nt865Δ1,,A104P,D249N,F172I,,T83I, V671I, G860S,,G71E,,,D411A, G343S,,T105A,,,G148A,,M715K, K607R,L71R,A4T, V6A, V15I, G68S, Y345H,S87L,,G596R,,L88P, D161G, H182Q, V243A,,,,,,,,,,,,,,,,,,,,,,,,,,,,,,,,,,,,,,,,,,
CAT09-027,GEMARA,Pseudomonas aeruginosa,ST253,>512,R,256,R,4,S,8,S,1,S,2,S,8,I,8,I,8,I,>16,R,32,R,8,S,1,S,,+,,,,,V126E,,,,,,,UCBPP-PA14,,,,H398R,L153R, S170N,I536V, T543A, G589A, Q840E, N1036T, Q1039R,A30T, K329Q, L331V, W358R,V105G, L138R, N186S,A104P,D249N,F172I,Q156H,T83I, V671I, G860S,,G71E, A145V, S209R,,A481T,M297V,E114A, G283E, M288R,G27D, A55T, T105A, Q155R, V205L, G391A,,,,R21H, D56G,L353Q, S25G,,A4T, V15I, G68S, Y345H,S87W,D533E,I418T, N622K,,C40R, L88P, S112N, D119E, I237V, V243A,,,,,,,,,,,,,,,,,,,,,,,,,,
CAT09-028,GEMARA,Pseudomonas aeruginosa,ST252,>512,R,256,R,64,R,32,R,4,S,8,S,32,R,4,S,8,I,16,R,8,R,<=2,S,1,S,+,,,,,,,,,,A219T,,,LESB58,,,,H398R,,T543A,K329Q, L331V,,A104P,D249N,F172I,A394P,aa914Δ2,,G71E,,,,,T105A,,,L33P,,L353Q,L71R,Y345H,H262Q,,A368T, S631I,,L88P, D161G, H182Q, V243A,,,,,,,,,,,,,,,,,,,,,,,,,,,,,,,,,,,,,,,,,,,,,,,,,,,,,,
CLE02-002,GEMARA,Pseudomonas aeruginosa,ST399,128,R,256,R,32,R,16,R,2,S,4,S,32,R,8,I,4,I,8,R,0.5,S,4,S,2,S,+,+,,,,E168D,V126E,,,,A219T,,,LESB58,,,,H398R,,Q282R, T543A,K329Q, W358R,,A104P,D249N,F172I,,,,R191L, S209R,,,,,T105A,,,G148A,,K607R, L353Q,,Y345H,R201P ,,,,C40R, H182Q, V243A,,,,,,,,,,,,,,,,,,,,,,,,,,,,,,,,,,,,,,,,,,,,,,,,,,,,,
CLE02-006,GEMARA,Pseudomonas aeruginosa,ST664,>512,R,128,R,>64,R,>64,R,>32,R,>32,R,32,R,16,R,64,R,>16,R,16,R,32,R,2,S,,,IMP-1,aadB, aph(3')-Via,strA, strB,,V126E,K86E,,,A219T,S250N,V127L,PAO1,,,,H398R,,T543A, Q840E, P1032S,K329Q, L331V,,,D249N,F172I,,T83I,nt398Δ2,G71E, S209R,,,R322Q,,L176R,,,A134P, G148A, D183Y,,L353Q,L71R,Y345H,E91K, H262Q, L458F,E215Q,,,L88P, D161G, H182Q, V243A, A262S,,,,,,,,,,,,,,,,,,,,,,,,,,,,,,,,,,,,,,,,,,,,,
CLE02-016,GEMARA,Pseudomonas aeruginosa,ST175,128,R,64,R,16,R,16,R,2,S,4,S,16,I,16,R,8,I,>16,R,32,R,4,S,1,S,+,+,,aadB,,,nt385InsGGGT,,,,A219T,S250N,Q142X,LESB58,,,,H398R,,T543A,K329Q, W358R,G195D,E37K, A104P,D249N,P60S, F172I,,T83I, D87N,,G71E, A186T,,,,G154R,,,,G148A, D183Y,,,,Y345H,S87W, L168Q,,E245D,T211P,L88P, D161G, H182Q, V243A, V266M,,,,,,,,,,,,,,,,,,,,,,,,,,,,,,,,,,,,,,,,,,,,,,,,
CLE02-032,GEMARA,Pseudomonas aeruginosa,ST175,128,R,64,R,16,R,16,R,2,S,4,S,16,I,8,I,8,I,>16,R,32,R,4,S,1,S,+,+,,aadB,,,nt385InsGGGT,,,,A219T,S250N,Q142X,LESB58,,,,H398R,,T543A,K329Q, W358R,G195D,E37K, A104P,D249N,P60S, F172I,,T83I, D87N,,G71E, A186T,,,,G154R,,,,G148A, D183Y,,,,Y345H,S87W, L168Q,,E245D,T211P,L88P, D161G, H182Q, V243A, V266M,,,,,,,,,,,,,,,,,,,,,,,,,,,,,,,,,,,,,,,,,,,,,,,,
CLE02-055,GEMARA,Pseudomonas aeruginosa,ST664,128,R,64,R,16,R,16,R,2,S,8,S,16,I,4,S,16,R,16,R,0.5,S,16,I,1,S,+,,,aph(3')-Via, aac(3)-Ia,strA,,V126E,,,,A219T,S250N,V127L,PAO1,,,,H398R,,T543A, Q840E, P1032S,K329Q, L331V, W358R,,,D249N,F172I,,T83I,nt398Δ2,G71E, S209R,,,R322Q,,L176R,,,A134P, G148A, D183Y,,L353Q,L71R,Y345H,E91K, H262Q, L458F,E215Q,,,L88P, D161G, H182Q, V243A, A262S,,,,,,,,,,,,,,,,,,,,,,,,,,,,,,,,,,,,,,,,,,,,,
CLE03-022,GEMARA,Pseudomonas aeruginosa,ST2935,256,R,32,R,16,R,8,S,2,S,8,S,32,R,16,R,32,R,>16,R,<=0.25,S,<=2,S,2,S,+,+,,,,,A103G, V126E, nt373Δ1,,N248K,,G186S,,,LESB58,,,T93A,A115E, V304I, E343D, H398R, Y407H,T135A, L153R,T543A, Q840E, G1035D, N1036T, Q1039R,L12P, A30T, K329Q, L331V, W358R,L138R, L196I,V18I, R82K, G96D, A104P,K17T, A175V, E181D, D249N,E26G, P60S, F172I,A394P,T83I, aa914ΔPS,,G71E, Q182K, L206V, S209R,,,S306R, M297L,A118V, G283E,R5G, T21A, P23S,A36T, T105A, Q117L, A170T, L200I, V205L, R273K, V356I, G391A,,,V10I, A85G, G148A, E170G,,L353Q, S25G,L71R, Y179H,A4T, D47N, E69A, Y345H, P369A, A462T,D86N, S331T,D533E,H628N, V643I,,C40R, A87V, D161G, H182Q, V243A, E307D, I346V
CLE03-023,GEMARA,Pseudomonas aeruginosa,ST155,256,R,256,R,64,R,16,R,4,S,4,S,16,I,8,I,4,I,4,R,<=0.25,S,<=2,S,2,S,+,+,,,,S466F,,,,,A219T,,,LESB58,P31Q,,,H398R,,D428N, T543A, Q840E,K329Q, L331V, W358R,,,D249N,F172I,,,,G71E, S209R,,,M297V,,R79Q, T105A,,,Q44H, G148A, D183Y, nt430Δ17,,L353Q,,Y345H,,,,Ter449Gext*,L88P, D161G, H182Q, V243A,,,,,,,,,,,,,,,,,,,,,,,,,,,,,,,,,,,,,,,,,,,,,,,
CLM02-005 ,GEMARA,Pseudomonas aeruginosa,ST175,32,R,32,R,8,S,8,S,1,S,1,S,<=2,I,8,I,4,I,>16,R,32,R,4,S,1,S,,+,,aadB,,E468D,,Q104X,,,A219T, nt409Δ1,,W415X,LESB58,,,,H398R,,T543A,K329Q,G195D,E37K, A104P,D249N,P60S, F172I,,T83I,,A186T,,,,,,,,F113L, G148A, D183Y,,,,Y345H,S87W, L168Q,,E245D,,L88P, D161G, H182Q, V243A, V266M,,,,,,,,,,,,,,,,,,,,,,,,,,,,,,,,,,,,,,,,,,,,,,,,,
CLM02-017 ,GEMARA,Pseudomonas aeruginosa,ST253,32,R,8,S,2,S,2,S,1,S,2,S,8,I,4,S,8,I,>16,R,32,R,<=2,S,4,R,,,,,,,V126E,,,,,,,UCBPP-PA14,,,,H398R,L153R, S170N,I536V, T543A, G589A, Q840E, N1036T, Q1039R,A30T, K329Q, L331V, W358R,L138R, N186S,A104P,D249N,F172I,Q156H,aa914ΔPS,,G71E, A145V, S209R,,,M297V,E114A, G283E, M288R,G27D, A55T, T105A, Q155R, V205L, G391A,,,,R21H, D56G,L353Q, S25G,,S2P, A4T, V15I, G68S, Y345H,,D533E,I418T, N622K,,C40R, L88P, S112N, D119E, I237V, V243A,,,,,,,,,,,,,,,,,,,,,,,,,,,,
CLM02-043 ,GEMARA,Pseudomonas aeruginosa,ST175,256,R,64,R,16,R,16,R,2,S,8,S,32,R,16,R,32,R,>16,R,>32,R,16,I,1,S,+,+,,aadB,,E468D,nt47InsG,,,,A219T, nt409Δ1,S250N,W415X,LESB58,,,,H398R,,T543A,K329Q, W358R,G195D,E37K, A104P,D249N,P60S, F172I,,T83I,,G71E, A186T,,,,R244W,,aa615InsQL,,F113L, G148A, D183Y,,,,Y345H,S87W, L168Q,,E245D,,L88P, D161G, H182Q, V243A, V266M,,,,,,,,,,,,,,,,,,,,,,,,,,,,,,,,,,,,,,,,,,,,,,,
CLM02-046,GEMARA,Pseudomonas aeruginosa,ST882,256,R,32,R,16,R,32,R,2,S,4,S,16,I,8,I,8,I,0.5,S,2,S,16,I,2,S,+,+,,,,,,,,,,,,PAO1,,,,T131P, D348N, H398R,,T543A, N1036T, Q1039R,K329Q, L331V, W358R,,A104P,D249N,P60S, F172I,,,,G71E, S209R,V29I,,V124G,,R79Q, T105A,,T91A, G243S,A136V, G148A,,,L71R,Y345H,,,,,L88P, D161G, H182Q, V243A,,,,,,,,,,,,,,,,,,,,,,,,,,,,,,,,,,,,,,,,,,,,,
CVA01-002,GEMARA,Pseudomonas aeruginosa,ST500,256,R,>256,R,>64,R,64,R,8,R,16,R,64,R,8,I,8,I,2,R,0.5,S,8,S,2,S,+,+,,,,,,,,,I67T, A219T,,,LESB58,,,,Y73C, H398R,,T543A, Q840E, Q1039R,K329Q, L331V,,,D249N,,A394P,D87N,,,,,M297V,,,,,G148A, S175L,nt42InsGCAGTC,K607R, L353Q, S25G,L71R,A4T, H311Q, Y345H, A413T,N633S,,V643I,,L88P, D161G, H182Q, V243A,,,,,,,,,,,,,,,,,,,,,,,,,,,,,,,,,,,,,,,,,,,,,
CVA01-006,GEMARA,Pseudomonas aeruginosa,ST175,>512,R,16,S,16,R,16,R,>32,R,16,R,<=2,I,>32,R,64,R,>16,R,>32,R,8,S,1,S,,,OXA-2, VIM-20,aac(3)-Ia, aadB,,,,,nt878InsGG,,A219T,S250N,nt55InsGCACT,LESB58,,,,H398R,,T543A,K329Q, W358R,G195D,E37K, A104P,D249N,P60S, F172I,,T83I, D87N,,G71E, A186T,,,M297V,,,,,G148A, D183Y,,,,Y345H,S87W, L168Q,,E245D,,L88P, D161G, H182Q, V243A, V266M,,,,,,,,,,,,,,,,,,,,,,,,,,,,,,,,,,,,,,,,,,,,,,
CVA01-029,GEMARA,Pseudomonas aeruginosa,ST175,128,R,64,R,32,R,16,R,2,S,4,S,16,I,16,R,8,I,>16,R,32,R,4,S,1,S,+,+,,aadB,,,,,,,A219T,S250N,nt1189InsAG,LESB58,,,,H398R,,T543A,K329Q,G195D,E37K, A104P,D249N,P60S, F172I,G328C,T83I, D87N,,G71E, A186T,,,,,,,,G148A, D183Y,,,,Y345H,S87W, L168Q,,E245D,L373Q,L88P, D161G, H182Q, V243A, V266M,,,,,,,,,,,,,,,,,,,,,,,,,,,,,,,,,,,,,,,,,,,,,,,,,
CVA01-033,GEMARA,Pseudomonas aeruginosa,ST235,256,R,128,R,16,R,16,R,1,S,2,S,4,I,8,I,16,R,8,R,>32,R,16,I,2,S,+,+,OXA-2,aac(6')-Iic,cmIA1,,V126E,,G957D,,A208V,A287S,nt1286Δ1,UCBPP-PA14,,Y85F,,A149T, H398R,L153R, S170N,T543A,A30T, W358R,,A104P,D249N,P60S, F172I,,T83I,,G71E, S209R,,,,G283E, M288R,G27D, T105A, V205L,,,G148A, nt407InsGGC,,L353Q,L71R,A4T, G68S, Y345H, G362S,S87L,D533E,,,L88P, D161G, H182Q, R204C, V243A,,,,,,,,,,,,,,,,,,,,,,,,,,,,,,,,,,,,,,,,,,,
CVA01-035,GEMARA,Pseudomonas aeruginosa,ST235,256,R,128,R,16,R,16,R,1,S,2,S,8,I,8,I,16,R,8,R,>32,R,32,R,2,S,,+,OXA-2,aadA6, aac(6')-Iic,cmIA1,,V126E,,G957D,,A208V,A287S,nt1286Δ1,UCBPP-PA14,,Y85F,,A149T, H398R,L153R, S170N,T543A,A30T, K329Q, L331V, W358R,,A104P,D249N,P60S, F172I,,T83I,,G71E, E153Q, S209R,,,,M288R,A97V, T105A, V205L, G391A,,,G148A, nt407InsGGC,,L353Q, S25G,L71R,A4T, G68S, Y345H, G362S,S87L,D533E,,,L88P, D161G, H182Q, R204C, V243A,,,,,,,,,,,,,,,,,,,,,,,,,,,,,,,,,,,,,,
CVA02-005,GEMARA,Pseudomonas aeruginosa,ST175,>512,R,128,R,64,R,32,R,>32,R,32,R,32,R,>32,R,>64,R,>16,R,>32,R,32,R,2,S,,,OXA-210, VIM-20,aph(3')-Via, aadA13,,,,,,,A219T,S250N,nt55InsGCACT,LESB58,,,,H398R,,T543A,K329Q, W358R,G195D,E37K, A104P,D249N,P60S, F172I,,T83I, D87N,,G71E, A186T,,,,,,,,V10G, G148A, D183Y,,,,Y345H,S87W, L168Q,,E245D,,L88P, D161G, H182Q, V243A, V266M,,,,,,,,,,,,,,,,,,,,,,,,,,,,,,,,,,,,,,,,,,,,,
CVA02-017,GEMARA,Pseudomonas aeruginosa,ST235*,256,R,>256,R,64,R,32,R,4,S,8,S,32,R,8,I,16,R,8,R,1,S,8,S,4,R,+,+,,aadA6,,,V126E,,G957D,,A208V,A287S,,UCBPP-PA14,,Y85F,,H398R,L153R, S170N,T543A,A30T, K329Q, L331V, W358R,nt47Δ13,A104P, V466I,D249N,P60S, F172I,,T83I,,G71E, E153Q, S209R,,,,G283E, M288R,G27D, A97V, T105A, V205L, G391A,,,D167E, G148A,,L353Q, S25G,L71R,A4T, G52S, G68S, Y345H, G362S,,D533E,,G396S,L88P, D161G, H182Q, R204C, V243A,,,,,,,,,,,,,,,,,,,,,,,,,,,,,,,,,,,,
CVA02-018,GEMARA,Pseudomonas aeruginosa,ST274,128,R,32,R,16,R,8,S,2,S,8,S,32,R,16,R,16,R,2,R,0.5,S,4,S,2,S,+,+,,,,H148N, aa467Δ2,R63H,,,,,S250N,nt311InsCG,LESB58,,,,A82T, H398R,,T543A, Q840E,K329Q, L331V, D346H, W358R,,A104P,D249N,P60S, F172I,A394P,T686A,L72P, D187H,G71E, S209R,,,M297V,,T21A, T105A, G391A,,,R11L, G148A, D183Y,,S25G,L71R,Y345H,,,D616V,,L88P, D119E,,,,,,,,,,,,,,,,,,,,,,,,,,,,,,,,,,,,,,,,,,,,,
CVA02-019,GEMARA,Pseudomonas aeruginosa,ST235,512,R,>256,R,>64,R,64,R,8,R,4,S,128,R,16,R,8,I,16,R,4,S,32,R,2,S,+,+,,aac(3)-Ic,cmIA1,,V126E,,G957D, nt2806Δ2,,A208V,A287S,Q340X,UCBPP-PA14,,Y85F,,A149T, H398R,L153R, S170N,T543A,A30T, K329Q, L331V, W358R,nt604Δ1,A104P, V466I,D249N,P60S, F172I,,T83I,,G71E, E153Q, S209R,,,,G283E, M288R,G27D, A97V, T105A, V205L, G391A,,,Q51X, G148A,,L353Q, S25G,L71R,S2P, A4T, G68S, Y345H, G362S,S87L,D533E,,,L88P, D161G, H182Q, R204C, V243A,,,,,,,,,,,,,,,,,,,,,,,,,,,,,,,,,,
CVA02-020,GEMARA,Pseudomonas aeruginosa,ST308,>512,R,16,S,>64,R,32,R,>32,R,>32,R,64,R,2,S,16,R,>16,R,32,R,4,S,2,S,+,,,aacA4,strA, strB,E468D,V126E,,G957D,,,A287S,nt635Δ1,UCBPP-PA14,,,,L137P, V216A, H398R,L153R, S170N, nt618InsA,I536V, T543A, G589A, Q840E, N1036T,A30T, K329Q, L331V, W358R,G89S, nt483InsTAT,A104P,V73A, D249N,F172I,G437D,T83I,,G71E, D79E, S209R,,,,G283E, M288R,G27D, T96I, T105A, V205L, V356I, G391A,,V471G,A96T,,L353Q, S25G,,A4T, V15I, G68S, Y345H,S87L, P752T,P438S, D533E,D73N,nt210Δ6,C40R, L88P, S112N, D119E, I237V, V243A,V40I,,,,,,,,,,,,,,,,,,,,,,,,,
CVA02-023,GEMARA,Pseudomonas aeruginosa,ST175,>512,R,64,R,64,R,16,R,>32,R,>32,R,8,I,32,R,64,R,16,R,4,S,<=2,S,1,S,,,OXA-210, VIM-20,aph(3')-Via, aadA13,,,,,,,A219T,S250N,nt55InsGCACT,LESB58,,,,H398R,,,,G195D,E37K, A104P,D249N,P60S, F172I,,T83I, D87N,,G71E, A186T,,,,,,,,V10G, G148A, D183Y,,,,E320K, Y345H,S87W, L168Q,,E245D,G99D,L88P, D161G, H182Q, V243A, V266M,,,,,,,,,,,,,,,,,,,,,,,,,,,,,,,,,,,,,,,,,,,,,
CVA03-004,GEMARA,Pseudomonas aeruginosa,ST244,256,R,256,R,64,R,32,R,4,S,8,S,64,R,16,R,16,R,>16,R,0.5,S,4,S,2,S,+,+,,,,,,,,,A219T,S250N,Q402H,PAO1,,,,H398R,,T543A, Q840E,K329Q, L331V, W358R,nt319Δ16,A104P,A75V, V241M, D249N,P60S, D96A, F172I,T27S, S150G,T83I, V671I, G860S,nt232Δ19, G78R,,,,A303V, M297V,,,,,R11L, L40Q, G148A, D183Y,,S96N,L71R,,S87L,,,A121T, nt832Δ1,L88P, G157D, D161G, H182Q, V243A,,,,,,,,,,,,,,,,,,,,,,,,,,,,,,,,,,,,,,,
CVA03-019,GEMARA,Pseudomonas aeruginosa,ST175,>512,R,256,R,64,R,32,R,>32,R,16,R,32,R,>32,R,64,R,>16,R,>32,R,16,I,1,S,,,OXA-2, VIM-20,aph(3')-Via, aadA13,,,,,,,A219T,S250N,nt55InsGCACT,LESB58,,,,H398R,,T543A,K329Q, W358R,G195D,E37K, A104P,D249N,P60S, F172I,G117V,T83I, D87N,,G71E, A186T,,,,F87L,,,,G148A, D183Y,,,,Y345H,S87W, L168Q,,E245D,nt210Δ6,L88P, D161G, H182Q, V243A, V266M,,,,,,,,,,,,,,,,,,,,,,,,,,,,,,,,,,,,,,,,,,,,,,
CVA03-024,GEMARA,Pseudomonas aeruginosa,ST175,>512,R,256,R,>64,R,32,R,>32,R,16,R,32,R,>32,R,64,R,>16,R,>32,R,16,I,1,S,,,OXA-2, VIM-20,aph(3')-Via, aadA13,,,,,,,A219T,S250N,nt55InsGCACT,LESB58,,,,H398R,,T543A,K329Q, W358R,G195D,E37K, A104P,D249N,P60S, F172I,G117V,T83I, D87N,,G71E, A186T,,,,F87L,,,,G148A, D183Y,,,,Y345H,S87W, L168Q,,E245D,nt210Δ6,L88P, D161G, H182Q, V243A, V266M,,,,,,,,,,,,,,,,,,,,,,,,,,,,,,,,,,,,,,,,,,,,,,
CVA03-025,GEMARA,Pseudomonas aeruginosa,ST175,128,R,128,R,32,R,16,R,2,S,8,S,16,I,>32,R,64,R,>16,R,>32,R,16,I,1,S,+,+,,aadB,,,,,,,A219T,S250N,Q166X,LESB58,,,,H398R,,T543A,K329Q, W358R,G195D,E37K, A104P,D249N,P60S, F172I,,T83I,,G71E, A186T,,,,,,,,Q55P, G148A, D183Y,,L353Q,,Y345H,S87W, L168Q,,E245D,nt840Δ1,L88P, D161G, H182Q, V243A, V266M,,,,,,,,,,,,,,,,,,,,,,,,,,,,,,,,,,,,,,,,,,,,,,,,
CVA03-033,GEMARA,Pseudomonas aeruginosa,ST175,>512,R,32,R,16,R,16,R,>32,R,16,R,8,I,16,R,64,R,>16,R,>32,R,32,R,1,S,,,OXA-2, VIM-20,aadB, aacA4, aph(3')-Via,,,,,,,A219T,S250N,nt55InsGCACT,LESB58,,,,H398R,,T543A,K329Q,G195D,,D249N,P60S,,T83I, D87N,,G71E,,,,,,,,G148A, D183Y,,S25G,,Y345H,S87W, L168Q,,E245D,G396S,L88P, D161G, H182Q, V243A, V266M,,,,,,,,,,,,,,,,,,,,,,,,,,,,,,,,,,,,,,,,,,,,,,,,,
EXT01-008,GEMARA,Pseudomonas aeruginosa,ST1754,256,R,256,R,64,R,32,R,4,S,16,R,64,R,16,R,32,R,2,R,0.5,S,8,S,2,S,+,+,,,,,,,,,,S250N,nt334Δ2,FRD1,,,,R7H, H398R,L153R, S170N,F29S, R515C, T543A,K329Q, L331V, W358R,,A104P,D249N,M7V, P8H, P60S, F172I,,,,A169P,,,M297V,,T105A, L176R,,,,,L353Q, S25G,L71R,Y345H,A208G,D533E,,,L88P, D161G, H182Q, V243A, A352V,,,,,,,,,,,,,,,,,,,,,,,,,,,,,,,,,,,,,,,,,,,,
EXT01-010,GEMARA,Pseudomonas aeruginosa,ST446,512,R,32,R,8,S,16,R,1,S,8,S,32,R,16,R,32,R,0.5,S,4,S,64,R,1,S,+,+,,,,,Q55P, V126E,,,,A208V,S250N,,UCBPP-PA14,,,,H398R,L153R, S170N,I536V, T543A, G589A, Q840E, N1036T,A30T, K329Q, L331V, W358R,,A104P,aa138Δ3,P60S, F172I, nt471Δ2,,aa914ΔPS,,G71E, A145V, S209R,,,M297V,E114A, G283E, M288R,G27D, T105A, V205L, G391A,D588G,,,,L353Q, S25G,L71R,Y345H,D533E, A587T,D533E,I418V,Ter449Gext*,C40R, L88P, S112N, D119E, I237V, Ans238S, V243A, A352V,,,,,,,,,,,,,,,,,,,,,,,,,,,,,,,,
EXT01-024,GEMARA,Pseudomonas aeruginosa,ST611,256,R,32,R,8,S,16,R,1,S,8,S,32,R,16,R,16,R,4,R,<=0.25,S,<=2,S,2,S,,+,,,,S466F,L57Q,,,,V19M, A219T,,nt636InsG,F23197,,,,H398R,L153R, S170N,Q282R, T543A, V980I,K329Q, L331V, W358R,K131R,A104P, I447V,D249N,F172I,,E153K,,G71E, S209R,,,,,R79Q, T105A,,,G148A, D183Y,,L353Q, S25G,L71R,Y345H,,,E618D,,C40R, L88P, D161G, H182Q, V243A,,,,,,,,,,,,,,,,,,,,,,,,,,,,,,,,,,,,,,,,,,,,
EXT01-026,GEMARA,Pseudomonas aeruginosa,ST499,128,R,32,R,8,S,8,S,<=0.5,S,8,S,32,R,8,I,4,I,1,R,<=0.25,S,<=2,S,4,R,+,+,,,,,,,,,A219T,,,LESB58,,,,H398R,L153R,Q282R, A799V,K329Q, L331V, W358R,,A104P,D249N,F172I,,,G206S,G71E, S209R,,,,,,,,G148A, D183Y,,L353Q, S25G,L71R,Y345H,V646L,,,,L88P, D119E,,,,,,,,,,,,,,,,,,,,,,,,,,,,,,,,,,,,,,,,,,,,,,,,,,,,
GAL01-029,GEMARA,Pseudomonas aeruginosa,ST17,512,R,256,R,64,R,32,R,4,S,16,R,64,R,2,S,4,I,0.5,S,2,S,16,I,1,S,+,,,,,E468D,,,,F352L,A219T,S250N,,LESB58,,,,H398R,,T543A,K329Q, L331V, W358R,C63R,A104P,D249N, H321R,P60S, F172I, L188P,,aa914ΔPS,X213ext,G71E, S209R,V29I,,Ter452Rext*,,T105A, L176R,,,Q88R, A136V, G148A,,S25G,,Y345H,,G494S, D533E,P388S,P444S,C40R, L88P, D161G, H182Q, V243A,,,,,,,,,,,,,,,,,,,,,,,,,,,,,,,,,,,,,,,,,,,,,
GAL01-030,GEMARA,Pseudomonas aeruginosa,ST235,256,R,256,R,64,R,32,R,4,S,4,S,32,R,16,R,8,I,16,R,0.5,S,4,S,1,S,+,+,,aadA6,strA, strB,,V126E,,G957D,,A208V,A287S,,UCBPP-PA14,,Y85F,,H398R,L153R, S170N,T543A,A30T, K329Q, L331V, W358R,nt305Δ3,A104P, V466I,D249N,P60S, F172I,,T83I,,G71E, E153Q, S209R,,,,G283E, M288R,G27D, T105A, V205L, G391A,,,G148A,,L353Q, S25G,L71R,S2P, A4T, G68S, Y345H, G362S,S87L,D533E,,,L88P, D161G, H182Q, R204C, V243A,,,,,,,,,,,,,,,,,,,,,,,,,,,,,,,,,,,,,
GAL02-011,GEMARA,Pseudomonas aeruginosa,ST2223,256,R,256,R,64,R,32,R,4,S,16,R,64,R,1,S,2,S,>16,R,32,R,8,S,1,S,+,+,,aacA4,cmIA1,,V126E,,,,A208V,S250N,,UCBPP-PA14,,,,S277N, H398R,L153R, S170N,I536V, T543A,K329Q, L331V, W358R,A47V,A104P,D249N,P60S, F172I,F324I,T83I, D87N,,G71E, D79E, S209R,,,A428T, M297V, S131N,G283E, M288R,P23S, T105A, G391A,,,A29V, W97C, G148A,,L353Q, S25G,,A4T, V15I, G68S, Y345H,S87L,D419N, D533E,,nt210Δ6,C40R, L88P, S112N, D119E, D207N, I237V, V243A,,,,,,,,,,,,,,,,,,,,,,,,,,,,,,,,
GAL02-019,GEMARA,Pseudomonas aeruginosa,ST360*,>512,R,256,R,64,R,64,R,4,S,16,R,64,R,4,S,64,R,2,R,<=0.25,S,<=2,S,1,S,,+,,,,P789L,,,,A261T,,S250N,A12E,F23197,,,,H398R,,T543A,K329Q, L331V, W358R, nt1157Δ1,L174Q,V91A, A104P,D249N,F172I,N122S, A394P,D87Y,nt25InsA,G71E, S209R,,,R322Q,K42R,R79Q, T105A,,V373I, R504C,G148A, S175L,,S25G,L71R,Y345H,H262Q,,E53K, S631I,A439T,L88P, D161G, H182Q, V243A,,,,,,,,,,,,,,,,,,,,,,,,,,,,,,,,,,,,,,,,,,,,,,
GAL02-022,GEMARA,Pseudomonas aeruginosa,ST235,256,R,256,R,64,R,32,R,4,S,8,S,32,R,16,R,8,I,>16,R,1,S,8,S,1,S,+,+,,aadA6,strA, strB,,V126E,,G957D, V1042A,,A208V,A287S,,UCBPP-PA14,,Y85F,,H398R,L153R, S170N,T543A,A30T, K329Q, L331V, W358R,nt305Δ3,A104P, V466I,D249N,P60S, F172I,,T83I,,G71E, E153Q, S209R,,,,G283E, M288R,G27D, T105A, V205L, G391A,,,G148A,,L353Q, S25G,L71R,S2P, A4T, G68S, Y345H, G362S,S87L,D533E,,,L88P, D161G, H182Q, R204C, V243A,,,,,,,,,,,,,,,,,,,,,,,,,,,,,,,,,,,,
GAL03-013,GEMARA,Pseudomonas aeruginosa,ST1068,128,R,32,R,8,S,8,S,1,S,4,S,32,R,16,R,16,R,2,R,1,S,16,I,2,S,+,+,,,,H148N,,,,,,S250N,nt1025InsGGCCC,LESB58,,,,A82T, H398R,,T543A, Q840E,K329Q, L331V, D346H, W358R,,A104P,D249N,F172I,A394P,D87Y,,G71E, S209R,,,M297V,,T21A, T105A, G391A,,,R11L, G148A, D183Y,,S25G,L71R,Y345H,,,,,L88P, D119E,,,,,,,,,,,,,,,,,,,,,,,,,,,,,,,,,,,,,,,,,,,,,,,,
GAL03-019,GEMARA,Pseudomonas aeruginosa,ST244,128,R,128,R,16,R,8,S,1,S,4,S,16,I,2,S,4,I,>16,R,<=0.25,S,<=2,S,1,S,+,,,,,,,,,,A219T,S250N,,PAO1,,,,H398R,,T543A, Q840E,K329Q, L331V, W358R,V43G,A104P,A75V, D249N,P60S, F172I, R209S,,T83I,nt475Δ16,,,,A303V, M297V,,,,I347T,R11L, G148A, D183Y, nt436Δ1,,S96N,L71R,,S87L,,,A121T, nt575Δ13,L88P, D161G, H182Q, V243A,,,,,,,,,,,,,,,,,,,,,,,,,,,,,,,,,,,,,,,,,,,,,
GAL04-041,GEMARA,Pseudomonas aeruginosa,ST235,256,R,>256,R,64,R,32,R,32,R,32,R,64,R,8,I,16,R,>16,R,1,S,8,S,1,S,,+,,aadA6,,,V126E,,G957D,,A208V,A287S,W417X,UCBPP-PA14,,Y85F,,H398R,L153R, S170N,T543A,A30T, K329Q, L331V, W358R,nt99Δ1,A104P, V466I,D249N,P60S, F172I,,T83I,nt295Δ17,G71E, E153Q, S209R,,,,G283E, M288R,G27D, A97V, T105A, F147L, V205L, G391A,,,G148A,,L353Q, S25G,L71R,A4T, G68S, Y345H, G362S,S87L,D533E,,,L88P, D161G, H182Q, R204C, V243A,,,,,,,,,,,,,,,,,,,,,,,,,,,,,,,,,,,,,
GAL04-042,GEMARA,Pseudomonas aeruginosa,ST17,64,R,64,R,32,R,16,R,2,S,2,S,32,R,16,R,4,I,>16,R,<=0.25,S,<=2,S,1,S,+,+,,,,,,,,,A219T,S250N,,LESB58,,,,H398R,,,L331V,,,,,,T83I,,G71E,V29I,,Ter452Rext*,,,,,A136V, G148A,,,,Y345H,S87L,,P388S,,C40R, L88P, D161G,,,,,,,,,,,,,,,,,,,,,,,,,,,,,,,,,,,,,,,,,,,,,,,,,,,,,,,,
GAL04-044,GEMARA,Pseudomonas aeruginosa,ST649,512,R,>256,R,>64,R,64,R,8,R,32,R,64,R,16,R,16,R,4,R,1,S,8,S,1,S,+,+,,,,,V126E,,,T180I,A219T,,nt276insTGACCT,LESB58,,,,H398R,,Q282R, T543A,K329Q,,A104P,D249N,P60S, F172I,,T83I,,G71E, S209R,,,M297V,D135N,A24G,,,,,L353Q,L71R,Y345H,,D533E,,,L88P, D119E,,,,,,,,,,,,,,,,,,,,,,,,,,,,,,,,,,,,,,,,,,,,,,,,,,,,,,,
GAL05-003,GEMARA,Pseudomonas aeruginosa,ST308,64,R,32,R,8,S,8,S,<=0.5,S,<=0.5,S,8,I,8,I,2,S,>16,R,32,R,<=2,S,1,S,+,+,,aacA4,strA, strB,E468D,V126E,,G957D,,L246P,A287S,Q158X,UCBPP-PA14,,,,V216A, H398R,L153R, S170N,T543A, G589A, Q840E,A30T, K329Q, L331V, W358R,G89S, aa163InsY,A104P,V73A, D249N,F172I,,T83I,,G71E, D79E, S209R,,,,G283E, M288R,T105A, V205L, V356I, G391A,,,A96T,,L353Q, S25G,,A4T, V15I, G68S, Y345H,S87L, P752T,P438S, D533E,D73N,,C40R, L88P, S112N, D119E, I237V, V243A,V40I,,,,,,,,,,,,,,,,,,,,,,,,,,,,,,,
GAL05-014,GEMARA,Pseudomonas aeruginosa,ST274,128,R,32,R,8,S,16,R,1,S,8,S,16,I,2,S,1,S,1,R,2,S,32,R,1,S,+,,,,,H148N,,,,,,S250N,,LESB58,,,,A82T, H398R,,T543A, Q840E,K329Q, L331V, D346H, W358R,,A104P,D249N,F172I,A358V, A394P,,T11N,G71E, S209R,,,M297V,,T21A, T105A, G391A,,,R11L, A96T, G148A, D183Y,,S25G,L71R,Y345H,,,,,L88P, D119E,,,,,,,,,,,,,,,,,,,,,,,,,,,,,,,,,,,,,,,,,,,,,,
GAL06-002,GEMARA,Pseudomonas aeruginosa,ST2223,>512,R,64,R,2,S,8,S,<=0.5,S,2,S,8,I,<=0.5,S,2,S,>16,R,>32,R,<=2,S,4,R,+,,CARB-3,aacA4,,,V126E,,,,A208V,S250N,,UCBPP-PA14,,,,S277N, H398R,L153R, S170N,I536V, T543A,K329Q, L331V, W358R,A47V,A104P,D249N,P60S, F172I,F324I,T83I, D87N,,G71E, D79E, S209R,,,A428T, M297V, S131N,G283E, M288R,P23S, T105A, G391A,,,A29V, W97C, G148A,,L353Q, S25G,,A4T, V15I, G68S, Y345H,S87L,D533E,,,C40R, L88P, S112N, D119E, D207N, I237V, V243A,nt4Δ4,,,,,,,,,,,,,,,,,,,,,,,,,,,,,,,,
GAL06-004,GEMARA,Pseudomonas aeruginosa,ST3196,>512,R,32,R,8,S,8,S,1,S,4,S,16,I,16,R,16,R,>16,R,16,R,4,S,1,S,,+,,,,,,,I745V,,A219T,P88S,Q422X,LESB58,,,,H398R,,F29S, T543A, A772T, Q840E, Q1039R,K329Q, L331V, W358R,,A104P,D249N,P60S, F172I,,,,G71E, S209R,,,M297V,,T105A,,N117S,R11L, G137E, G148A, D183Y,,L353Q, S25G,L71R,Y345H,,,,,L88P, D161G, H182Q, V243A,,,,,,,,,,,,,,,,,,,,,,,,,,,,,,,,,,,,,,,,,,,,
GAL06-007,GEMARA,Pseudomonas aeruginosa,ST2223,256,R,256,R,64,R,32,R,4,S,16,R,64,R,16,R,16,R,>16,R,>32,R,8,S,4,R,+,+,,aacA4,cmIA1,,V126E,,,,A208V,S250N,,UCBPP-PA14,,,,S277N, H398R,L153R, S170N,I536V, T543A,K329Q, L331V, W358R,A47V,A104P,D249N,P60S, F172I,F324I,T83I, D87N,,G71E, D79E, S209R,,,A428T, M297V, S131N,G283E, M288R,P23S, T105A, G391A,,,A29V, W97C, G148A,,L353Q, S25G,,A4T, V15I, G68S, Y345H,S87L,L444V, D533E,,nt210Δ6,C40R, L88P, S112N, D119E, D207N, I237V, V243A,,,,,,,,,,,,,,,,,,,,,,,,,,,,,,,,
GAL06-015,GEMARA,Pseudomonas aeruginosa,ST175,256,R,32,R,16,R,16,R,1,S,8,S,32,R,8,I,16,R,>16,R,32,R,4,S,1,S,+,+,,aadB,,,,,,,A219T,S250N,G316D,LESB58,,,,H398R,,T543A,K329Q, W358R,G195D,E37K, A104P,D249N,P60S, F172I,,T83I, D87N,nt31Δ11,G71E, A186T,,,,nt271Δ3,,,,G148A, D183Y,,,,Y345H,S87W, L168Q,,E245D,,L88P, D161G, H182Q, V243A, V266M,,,,,,,,,,,,,,,,,,,,,,,,,,,,,,,,,,,,,,,,,,,,,,,,
GAL06-033,GEMARA,Pseudomonas aeruginosa,ST2223,512,R,>256,R,>64,R,32,R,8,R,>32,R,128,R,32,R,32,R,>16,R,4,S,<=2,S,<=0.5,S,,,,aacA4,cmIA1,,V126E,,,,A208V,S250N,,UCBPP-PA14,,,,S277N, H398R,L153R, S170N,,,,A104P,D249N,P60S, F172I,F324I,T83I, D87N,,G71E, D79E, S209R,,,A428T, M297V, S131N,G283E, M288R,P23S, T105A, G391A,,,A29V, W97C, G148A,,L353Q, S25G,,A4T, V15I, G68S, Y345H,S87L,L444V, D533E,,nt210Δ6,C40R, L88P, S112N, D119E, D207N, I237V, V243A,,,,,,,,,,,,,,,,,,,,,,,,,,,,,,,,,,,
GAL06-034,GEMARA,Pseudomonas aeruginosa,ST3195,256,R,256,R,64,R,16,R,2,S,8,S,64,R,8,I,16,R,>16,R,32,R,4,S,2,S,+,+,,aacA4,,,,,,,,S250N,"I367M, A425G",UCBPP-PA14,,,,H398R,S170N,T543A,K329Q, W358R,,A104P,D249N,F172I,,T83I,,G71E,,,,,,,,G148A,,,,Y345H,S87L ,,,,L88P, V243A,,,,,,,,,,,,,,,,,,,,,,,,,,,,,,,,,,,,,,,,,,,,,,,,,,,,,,,,,
GAL06-038,GEMARA,Pseudomonas aeruginosa,ST2223,>512,R,256,R,64,R,32,R,32,R,16,R,4,I,2,S,2,S,>16,R,32,R,8,S,4,R,+,+,CARB-3,aacA4,cmIA1,,V126E,,nt1543Δ5,A238V,A208V,S250N,Y237C,UCBPP-PA14,,,,S277N, H398R,L153R, S170N,I536V, T543A,K329Q, L331V, W358R,A47V,A104P,D249N,P60S, F172I,F324I,T83I, D87N,,G71E, D79E, S209R,,,A428T, M297V, S131N,G283E, M288R,P23S, T105A, G391A, G183D,,,A29V, W97C, G148A,,L353Q, S25G,,A4T, V15I, G68S, L139P, Y345H,S87L,D419N, D533E,,nt210Δ6,C40R, L88P, S112N, D119E, D207N, I237V, V243A,,,,,,,,,,,,,,,,,,,,,,,,,,,,,,
ICA01-001,GEMARA,Pseudomonas aeruginosa,ST308,64,R,32,R,>64,R,16,R,8,R,16,R,16,I,2,S,2,S,>16,R,>32,R,4,S,1,S,+,,,aac(6')Ib-cr,strA, strB, catA2, tet (C ),,V126E,,G957D,,,A287S,,UCBPP-PA14,,,,R7H, H398R,L153R, S170N,I536V, T543A, G589A, Q840E,A30T, K329Q, L331V, W358R,G89S,A104P,V73A, D249N,F172I,,T83I,,G71E, D79E, S209R,,,R103P,G283E, M288R,G27D, T105A, V205L, V356I, G391A,,,,,L353Q, S25G,,A4T, V15I, G68S, Y345H,S87L, P752T,D533E,D73N,,C40R, L88P, S112N, D119E, I237V, V243A,V40I,,,,,,,,,,,,,,,,,,,,,,,,,,,,,
ICA01-013,GEMARA,Pseudomonas aeruginosa,ST447,256,R,128,R,32,R,32,R,2,S,8,S,32,R,16,R,32,R,>16,R,0.5,S,4,S,2,S,+,+,,,,E468D,,,,,A37T, A219T,S250N,,F23197,,,,H398R,,Q282R, T543A, V980I,K329Q, L331V, W358R,,I447V,A75V,F172I,,T83I,,G71E,,,M297V, P274T,,T105A,,,G148A, R164H, D183Y,,L353Q,L71R,Y345H,S87W, H262Q,E215Q,,,L88P, D161G, H182Q, V243A,,,,,,,,,,,,,,,,,,,,,,,,,,,,,,,,,,,,,,,,,,,,,,,
ICA01-030,GEMARA,Pseudomonas aeruginosa,ST175,64,R,32,R,16,R,8,S,1,S,2,S,8,I,16,R,4,I,>16,R,>32,R,4,S,1,S,+,+,,aadB,,,,Q288X,,,A219T,S250N,Q142X,LESB58,,,,H398R,,T543A,K329Q, W358R,G195D,E37K, A104P,D249N,P60S, F172I,,T83I, D87N,,G71E, A186T,,,,G154R,,,,G148A, D183Y,,,,Y345H,S87W, L168Q,,E245D,T211P,L88P, D161G, H182Q, V243A, V266M,,,,,,,,,,,,,,,,,,,,,,,,,,,,,,,,,,,,,,,,,,,,,,,,
ICA01-031,GEMARA,Pseudomonas aeruginosa,ST175,128,R,128,R,32,R,16,R,2,S,8,S,16,I,16,R,8,I,>16,R,>32,R,8,S,2,S,+,+,,aadB,,,,,,,A219T,S250N,Q142X,LESB58,,,,H398R,,T543A,K329Q, W358R,G195D,E37K, A104P,D249N,P60S, F172I,,T83I, D87N,,G71E, A186T,,,,G154R,,,,G148A, D183Y,,,,Y345H,S87W, L168Q,,E245D,T211P,L88P, D161G, H182Q, V243A, V266M,,,,,,,,,,,,,,,,,,,,,,,,,,,,,,,,,,,,,,,,,,,,,,,,
ICA01-034,GEMARA,Pseudomonas aeruginosa,ST261,256,R,256,R,64,R,64,R,8,R,4,S,128,R,32,R,16,R,1,R,2,S,16,I,8,R,+,+,,,,,V126E,,R185C, R766W,,,,K550X,F23197,,V57M,,H398R,,T543A,K329Q, L331V, W358R,I108S,,D249N, T299I,P28Lr, F172I,,T83I, aa914Δ2,,H30Y, G71E,,,A222G,,T105A, L176R,,A246V,A136V, G148A, P162L,,L353Q,L71R,Y345H,,D533E,A421T, S539T,,L88P, D119E,,,,,,,,,,,,,,,,,,,,,,,,,,,,,,,,,,,,,,,,,,,,,,,
MAD01-013,GEMARA,Pseudomonas aeruginosa,ST3197 ,512,R,32,R,16,R,16,R,4,S,16,R,32,R,32,R,8,I,16,R,8,R,<=2,S,<=0.5,S,+,+,,,,,V126E,,,,,,,FRD1,,,,L137P,,,W358R,,,,F172I,,T83I, V671I,,G71E,,,D411A,,T105A,,,,,M715K, K607R,L71R,A4T, V6A, V15I, G68S, Y345H,S87L,,,G305D,L88P, D161G, H182Q, V243A,,,,,,,,,,,,,,,,,,,,,,,,,,,,,,,,,,,,,,,,,,,,,,,,,,
MAD01-021,GEMARA,Pseudomonas aeruginosa,ST235,128,R,32,R,>64,R,32,R,>32,R,4,S,4,I,8,I,4,I,>16,R,>32,R,16,I,1,S,,,GES-1,aadA6, aph(3')-XV,,,V126E,,G957D,,,A287S,nt5IS,UCBPP-PA14,,Y85F,,D249N, H398R,S170N,T543A,A30T, K329Q, L331V, W358R,,A104P, V466I,D249N,P60S, F172I,,T83I,,G71E, E153Q, S209R,,,,G283E, M288R,G27D, A97V, T105A, V205L, G391A,,,,,L353Q,L71R,A4T, V15I, G68S, Y345H,S87L,D533E,,,L88P, D161G, H182Q, R204C, V243A,,,,,,,,,,,,,,,,,,,,,,,,,,,,,,,,,,,,,,
MAD02-005,GEMARA,Pseudomonas aeruginosa,ST175,>512,R,256,R,32,R,16,R,8,R,4,S,32,R,>32,R,>64,R,>16,R,>32,R,4,S,1,S,,,GES-5,aadB, aac(6')Ib-cr,,,,,,,A219T,S250N,W277X,LESB58,,,,H398R,,T543A,K329Q, W358R,G195D,E37K, A104P,D249N,P60S, F172I,,T83I, D87N,,G71E, A186T,,,,,,,,G148A, D183Y,,,,Y345H,S87W, L168Q,,E245D,,L88P, D161G, H182Q, V243A, V266M,,,,,,,,,,,,,,,,,,,,,,,,,,,,,,,,,,,,,,,,,,,,,,,
MAD02-006,GEMARA,Pseudomonas aeruginosa,ST273,256,R,64,R,2,S,8,S,<=0.5,S,4,S,4,I,2,S,4,I,>16,R,8,R,4,S,2,S,,,,,,,,,V1042A,,A219T,S194T,,FRD1,,,,H398R,L153R, S170N,T543A, Q840E, V980I,A30T, K329Q, L331V, W358R,,A104P,D249N,F172I,,,,G71E, S209R,,,M297V,G283E,R79Q, T105A,,,G148A, S175L,,L353Q, S25G,,Y345H,,P195T,,,R41C, L88P, D161G, H182Q,,,,,,,,,,,,,,,,,,,,,,,,,,,,,,,,,,,,,,,,,,,,,,
MAD02-007,GEMARA,Pseudomonas aeruginosa,ST175,>512,R,>256,R,64,R,64,R,>32,R,32,R,64,R,>32,R,>64,R,>16,R,>32,R,16,I,1,S,,,VIM-2 ,aadB, aac(6')Ib-cr,,,,,,,,S250N,,LESB58,,,,,,T543A,,G195D,,D249N,F172I,,T83I,,G71E,,,,,,,,G148A, D183Y,,,,Y345H,S87W, L168Q,,,,L88P, D161G, H182Q, V243A, V266M,,,,,,,,,,,,,,,,,,,,,,,,,,,,,,,,,,,,,,,,,,,,,,,,,,,,
MAD02-009,GEMARA,Pseudomonas aeruginosa,ST235,>512,R,256,R,>64,R,>64,R,>32,R,>32,R,128,R,>32,R,>64,R,>16,R,>32,R,128,R,1,S,,,GES-1, GES-5, OXA-2,aph(6)-Ic, aadA1, aac(6')Ib-cr,,,,,G957D,,A208V,A287S,,UCBPP-PA14,,Y85F,,H398R,L153R, S170N,T543A,K329Q, L331V, W358R,,A104P, V466I,D249N,P60S, F172I,,T83I,,G71E, S209R,,,,M288R,G27D, A97V, T105A, V205L, G391A,,,G148A,,L353Q,L71R,A4T, G68S, Y345H, G362S,S87L,,,,L88P, D161G, H182Q, R204C, V243A,,,,,,,,,,,,,,,,,,,,,,,,,,,,,,,,,,,,,,
MAD02-012,GEMARA,Pseudomonas aeruginosa,ST3154,512,R,64,R,4,S,2,S,2,S,2,S,64,R,1,S,8,I,8,R,0.5,S,4,S,4,R,+,,,,,,,,,,P157A, D197E,S250N,,LESB58,,,,H398R,L153R, S170N,Q282R, T543A,K329Q,,A104P,D249N,F172I,,,,G71E, S209R, P210L,,,M297V,,T105A, G391A,,,G148A,,K607R, L353Q,L71R,Y345H,,D533E,,,L88P, D161G, H182Q, V243A, A262S,,,,,,,,,,,,,,,,,,,,,,,,,,,,,,,,,,,,,,,,,,,,,,,,
MAD02-013,GEMARA,Pseudomonas aeruginosa,ST17,128,R,128,R,16,R,32,R,4,S,4,S,32,R,16,R,4,I,>16,R,0.5,S,4,S,4,R,+,,,,,,,,,,A219T,S250N,,LESB58,,,,H398R,,T543A,K329Q, L331V, W358R,,A104P,D249N,F172I,S399X,T83I, aa914ΔPS,,G71E, S209R,V29I,,Ter452Rext*,,T105A, L176R,,,A136V, G148A,,S25G,,Y345H,S87L,D533E,P388S,P444S,C40R, L88P, D161G, H182Q, V243A,,,,,,,,,,,,,,,,,,,,,,,,,,,,,,,,,,,,,,,,,,,,,,,,,
MAD02-014,GEMARA,Pseudomonas aeruginosa,ST175,>512,R,128,R,64,R,32,R,>32,R,>32,R,32,R,>32,R,>64,R,>16,R,>32,R,32,R,1,S,,,VIM-2 ,aadB, aac(6')Ib-cr,,,,,,,A219T,S250N,W65X,LESB58,,,,H398R,,T543A,K329Q, W358R,G195D,E37K, A104P,D249N,P60S, F172I,,T83I, D87N, I839V,,G71E, A186T,,,,,,,,G148A, D183Y,,,,Y345H,S87W, L168Q,,E245D,,L88P, D161G, H182Q, V243A, V266M,,,,,,,,,,,,,,,,,,,,,,,,,,,,,,,,,,,,,,,,,,,,,,
MAD02-021,GEMARA,Pseudomonas aeruginosa,ST235,512,R,256,R,32,R,16,R,>32,R,32,R,16,I,>32,R,>64,R,>16,R,>32,R,32,R,2,S,,,GES-5,aadA6, aph(3')-XV,,,V126E,,G957D,,A208V,A287S,,UCBPP-PA14,,Y85F,,D249N, H398R,L153R, S170N,T543A,A30T, K329Q, L331V, W358R,nt290Δ11,A104P, V466I,D249N,P60S, F172I,,T83I,,G71E, E153Q, S209R,,,,G283E, M288R,G27D, A97V, T105A, V205L, G391A,,,D112Y, G148A,,L353Q, S25G,L71R,A4T, G68S, Y345H, G362S,S87L,D533E,,,L88P, D161G, H182Q, R204C, V243A,,,,,,,,,,,,,,,,,,,,,,,,,,,,,,,,,,,
MAD02-025,GEMARA,Pseudomonas aeruginosa,ST235,512,R,128,R,>64,R,>64,R,>32,R,32,R,128,R,>32,R,>64,R,>16,R,>32,R,128,R,2,S,,,GES-1, GES-5, OXA-2,aph(6)-Ic, aph(3´)-Iia, aacA4, aac(6')-33, aadA1, aac(6')Ib-cr,,,V126E,,G957D,,A208V,A287S,,UCBPP-PA14,,Y85F,,H398R,L153R, S170N,T543A,A30T, K329Q, L331V, W358R,,A104P, V466I,D249N,P60S, F172I,,T83I,,G71E, E153Q, S209R,,,,G283E, M288R,G27D, A97V, T105A, V205L, G391A,F582I,,G148A,,L353Q, S25G,L71R,S2P, A4T, G68S, Y345H, G362S,S87L,D533E,,,L88P, D161G, H182Q, R204C, V243A,,,,,,,,,,,,,,,,,,,,,,,,,,,,,,
MAD02-035,GEMARA,Pseudomonas aeruginosa,ST235,>512,R,256,R,>64,R,64,R,>32,R,16,R,64,R,>32,R,>64,R,16,R,>32,R,128,R,1,S,,,GES-1, GES-5, OXA-2,aac(6')-33, aph(6)-Ic, aadA1, aac(6')Ib-cr,,,V126E,,G957D,,A208V,A287S,,UCBPP-PA14,,Y85F,,H398R,L153R, S170N,T543A,A30T, K329Q, L331V, W358R,,A104P, V466I,D249N,P60S, F172I,,T83I,,G71E, E153Q, S209R,,,,G283E, M288R,G27D, A97V, T105A, V205L, G391A,F582I,,G148A,,L353Q, S25G,L71R,A4T, G68S, Y345H, G362S,S87L,D533E,,,L88P, D161G, H182Q, R204C, V243A,,,,,,,,,,,,,,,,,,,,,,,,,,,,,,,,,
MAD03-001,GEMARA,Pseudomonas aeruginosa,ST244,128,R,256,R,32,R,16,R,2,S,4,S,32,R,2,S,8,I,>16,R,<=0.25,S,<=2,S,1,S,+,,,,,E468D,,,,,A219T,S250N,,PAO1,,,,H398R,,T543A, Q840E,K329Q, L331V, W358R,,A104P,A75V, D249N,P60S, F172I, R209S,,T83I,nt475Δ16,,,,A303V, M297V, nt111Δ1,,,,I347T,R11L, G148A, D183Y,,S96N,L71R,,S87L,,,A121T, nt575Δ13,L88P, G157D, D161G, H182Q, V243A,,,,,,,,,,,,,,,,,,,,,,,,,,,,,,,,,,,,,,,,,,,,
MAD03-010,GEMARA,Pseudomonas aeruginosa,ST175,>512,R,64,R,>64,R,32,R,>32,R,>32,R,16,I,>32,R,>64,R,>16,R,>32,R,8,S,2,S,,,VIM-2,aadB,,,,,,,A219T,S250N,W65X,LESB58,,,,H398R,,V398A, T543A,K329Q, W358R,G195D,E37K, A104P,D249N,P60S, F172I,,T83I, D87N,,G71E, A186T,,,,,,,,G148A, D183Y,,,,Y345H,S87W, L168Q,,E245D,,L88P, D161G, H182Q, V243A, V266M,,,,,,,,,,,,,,,,,,,,,,,,,,,,,,,,,,,,,,,,,,,,,,,
MAD03-033,GEMARA,Pseudomonas aeruginosa,ST175,256,R,256,R,64,R,32,R,4,S,16,R,64,R,16,R,16,R,>16,R,32,R,4,S,2,S,+,+,,aadB,,,,,,,A219T,S250N,nt659Δ1,LESB58,,,,H398R,,T543A,K329Q, W358R,G195D,E37K, A104P,D249N,P60S, F172I,,T83I, D87N,nt165Δ1,G71E, A186T,,,,,,,,G148A, G156D, D183Y,,,,Y345H,S87W, L168Q,,E245D,,L88P, D161G, H182Q, V243A, V266M,,,,,,,,,,,,,,,,,,,,,,,,,,,,,,,,,,,,,,,,,,,,,,,
MAD03-038,GEMARA,Pseudomonas aeruginosa,ST217,256,R,128,R,16,R,16,R,2,S,16,R,32,R,16,R,16,R,0.5,S,1,S,64,R,4,R,+,,,,,,,D373E,,V72L,A219T,,,LESB58,,,,H398R,,T543A,K329Q, L331V, W358R,,,D249N,F172I,,,,G71E, S209R,,,A303V, M297V,,T105A,,,R11L, G148A, D183Y,R82L,,L71R,Y345H,,A473V, D533E,S520P,,C40R, L88P, D161G, H182Q, V243A,,,,,,,,,,,,,,,,,,,,,,,,,,,,,,,,,,,,,,,,,,,,,,,,
MAD04-005,GEMARA,Pseudomonas aeruginosa,ST1068,32,R,<=4,S,8,S,16,R,4,S,2,S,<=2,I,8,I,1,S,16,R,4,S,64,R,<=0.5,S,,+,,,,H148N,,nt454Δ1,,,,S250N,,LESB58,,,,A82T, H398R,,T543A, Q840E,K329Q, L331V, D346H, W358R,W167X,A104P,D249N,F172I,A394P,T83I,,G71E, S209R,,,M297V,,T21A, T105A, G391A,E463Q, R680C,,R11L, G148A, D183Y,,S25G,L71R,Y345H,,,,,L88P, D119E,,,,,,,,,,,,,,,,,,,,,,,,,,,,,,,,,,,,,,,,,,,,,,,
MAD04-008,GEMARA,Pseudomonas aeruginosa,ST27,64,R,32,R,16,R,16,R,2,S,4,S,8,I,8,I,4,I,>16,R,16,R,8,S,2,S,,,,,,,V126E, V132A,,,,A219T,,,LESB58,,,,H398R,,T543A,K329Q, L331V,L128M,A104T,D249N,M7V, F172I,A394P,T83I,,G71E, S209R,,,,,R79Q, T105A, P274L,,,,,L353Q, S25G,L71R,Y345H,,H360Y, V460G,,,L88P, D161G, H182Q, V243A,,,,,,,,,,,,,,,,,,,,,,,,,,,,,,,,,,,,,,,,,,,,,,,,
MAD04-010,GEMARA,Pseudomonas aeruginosa,ST175,128,R,32,R,16,R,8,S,1,S,8,S,32,R,8,I,16,R,>16,R,>32,R,4,S,1,S,+,+,,,,,,,,,A219T,S250N,,LESB58,,,,H398R,,T543A,K329Q,G195D,E37K, A104P,D249N,P60S,,T83I, D87N,,A186T,,,,,,,,R82C, G148A, D183Y,,,,Y345H,S87W, L168Q,,E245D,,L88P, D161G, H182Q, V243A, V266M,,,,,,,,,,,,,,,,,,,,,,,,,,,,,,,,,,,,,,,,,,,,,,,,,,
MAD04-011,GEMARA,Pseudomonas aeruginosa,ST235,128,R,64,R,8,S,16,R,1,S,8,S,32,R,16,R,32,R,>16,R,>32,R,16,I,2,S,+,+,,aadA6, aac(6´)-Ib-cr,,,V126E,,G957D,,A208V,A287S,nt635Δ1,UCBPP-PA14,,Y85F,,H398R,L153R, S170N,T543A,A30T, K329Q, L331V, W358R,,A104P, V466I,D249N,P60S, F172I,,T83I,nt376Δ1,G71E, E153Q, S209R,,,,G283E, M288R,G27D, A97V, T105A, V205L, G391A,,,G148A,,L353Q,L71R,A4T, G68S, Y345H, G362S,S87L,D533E,,,L88P, D161G, H182Q, R204C, V243A,,,,,,,,,,,,,,,,,,,,,,,,,,,,,,,,,,,,,,
MAD04-014,GEMARA,Pseudomonas aeruginosa,ST189,256,R,32,R,8,S,16,R,1,S,8,S,32,R,8,I,16,R,8,R,1,S,8,S,2,S,+,+,,,,,nt319Δ10,,,,A219T,,,LESB58,,,,H398R,,T543A,K329Q, L331V, W358R,Q134R, nt593Δ13,A104P,D249N,F172I,,aa914InsSE,T188A,G71E, S209R,,,,,R79Q, T105A,A246V,,V30A, G148A,nt331Δ1,K607R, L353Q, S25G,L71R,Y345H,V646L,,,,L88P, D161G, H182Q, V243A,,,,,,,,,,,,,,,,,,,,,,,,,,,,,,,,,,,,,,,,,,,,,,,,
MAD04-016,GEMARA,Pseudomonas aeruginosa,ST499,128,R,128,R,32,R,16,R,8,R,8,S,32,R,32,R,16,R,4,R,2,S,32,R,2,S,+,+,,,,,,nt911Δ1,,,A219T,,Y397X,LESB58,,S157T,,H398R,,T543A, T927I, N1036T, Q1039R,K329Q, L331V, W358R,nt154InsACAAGA,,D249N,F172I,,aa616ΔR,V128M,G71E,,,nt112InsC,,R79Q, T105A, G129S,,Y268C,G148A, Q155*, D183Y,,,L71R,Y345H,,,,C432S,L88P, D161G, H182Q, V243A,,,,,,,,,,,,,,,,,,,,,,,,,,,,,,,,,,,,,,,,,,,,,,,
MAD04-028,GEMARA,Pseudomonas aeruginosa,ST792,256,R,256,R,64,R,32,R,2,S,4,S,32,R,16,R,16,R,16,R,1,S,8,S,1,S,+,+,,,,,V126E,,,,A219T,,,LESB58,,,,L50P, H398R,,T543A,K329Q, L331V, W358R,L128M,A104P,S84F, I218F, D249N,P60S, F172I,,T83I, aa914ΔPS,,M39T, G71E, S209R,,,M297V, nt1178Δ1,,R79Q, T105A,,,G148A, S175L,,L353Q,L71R,Y345H,V646L,,P388S,C432S,L88P, D161G, H182Q, V243A,P21Q,,,,,,,,,,,,,,,,,,,,,,,,,,,,,,,,,,,,,,,,,,,
MAD04-041,GEMARA,Pseudomonas aeruginosa,ST155,>512,R,16,S,>64,R,>64,R,>32,R,>32,R,8,I,>32,R,>64,R,>16,R,>32,R,64,R,1,S,,,IMP-8,,,,,,,,A219T,,,LESB58,P31Q,,,T131P, H398R,,D428N, T543A,K329Q, L331V, W358R,G50S,,D249N,F172I,,T83I,,G71E, S209R,,,M297V,,R79Q, T105A,,,Q44H, G148A, D183Y,,L353Q,,Y345H,S87L,,,Ter449Gext*,L88P, D161G, H182Q, V243A,,,,,,,,,,,,,,,,,,,,,,,,,,,,,,,,,,,,,,,,,,,,,,,,
MAD05-017,GEMARA,Pseudomonas aeruginosa,ST175,128,R,256,R,64,R,16,R,4,S,8,S,32,R,8,I,8,I,>16,R,32,R,8,S,2,S,+,+,,aadB,,,,,,,A219T,S250N,W277X,LESB58,,,,,,T543A,K329Q,G195D,E37K, A104P,D249N,P60S, F172I,,T83I, D87N,,G71E, A186T,,,,,,,,S18L, G148A, D183Y,,,,Y345H,S87W, L168Q,,,,L88P, D161G, H182Q, V243A, V266M,,,,,,,,,,,,,,,,,,,,,,,,,,,,,,,,,,,,,,,,,,,,,,,,
MAD05-020,GEMARA,Pseudomonas aeruginosa,ST3153,128,R,32,R,16,R,8,S,1,S,8,S,32,R,16,R,16,R,1,R,<=0.25,S,<=2,S,2,S,+,+,,,,,V126E,,,,A219T,R98H,S57E, S59R, R312G,FRD1,,R61H,,R243H, V313I, H398R,L153R, S170N,T543A, A635P, G652S,K329Q, L331V, W358R,,,D249N,P60S, F172I,,,,T50P, G71E, S209R,V50I,,A303V, M297V, G24S, aa118Δ1,,R79Q, T105A,,,G148A,,S25G,,Y345H,,D533E,,,R41C, L88P, D161G, H182Q,,,,,,,,,,,,,,,,,,,,,,,,,,,,,,,,,,,,,,,,
MAD05-026,GEMARA,Pseudomonas aeruginosa,ST175,128,R,64,R,32,R,16,R,2,S,8,S,32,R,8,I,32,R,>16,R,4,S,4,S,2,S,+,+,,aadB,,,,,,,A219T,S250N,nt659Δ1,LESB58,,,,H398R,,T543A, nt613InsC,K329Q, W358R,G195D,E37K, A104P,D249N,P60S, F172I,,T83I, D87N,nt165Δ1,G71E, A186T,,,,,,,,G148A, G156D, D183Y,,,,Y345H,S87W, L168Q,,E245D,,L88P, D161G, H182Q, V243A, V266M,,,,,,,,,,,,,,,,,,,,,,,,,,,,,,,,,,,,,,,,,,,,,,
MAD05-027,GEMARA,Pseudomonas aeruginosa,ST3153,128,R,32,R,32,R,8,S,1,S,4,S,16,I,16,R,16,R,1,R,1,S,<=2,S,2,S,+,+,,,,,V126E,,,,A219T,R98H,S57E, S59R, R312G,FRD1,,R61H,,R243H, V313I, H398R,L153R, S170N,T543A, A635P, G652S,K329Q, L331V, W358R,,,D249N,P60S, F172I,,,,T50P, G71E, S209R,V50I,,A303V, M297V, G24S, aa118Δ1,,R79Q, T105A,,,G148A,,S25G,,Y345H,,D533E,,,R41C, L88P, D161G, H182Q,,,,,,,,,,,,,,,,,,,,,,,,,,,,,,,,,,,,,,,,
MAD05-041,GEMARA,Pseudomonas aeruginosa,ST111,>512,R,128,R,64,R,32,R,>32,R,32,R,16,I,>32,R,64,R,>16,R,32,R,32,R,1,S,,,VIM-2,,,,V126E,,,,A219T,,Y436F,FRD1,,,,L137P, S228P, H398R,,G530S,K329Q, L331V, W358R,,A104P,D249N,F172I,,T83I, V671I,,G71E,,,D411A,G283E,T105A,,,Q88L, G148A,,M715K, K607R,L71R,A4T, V6A, V15I, G68S, Y345H,S87L,,G596R,,L88P, D161G, H182Q, V243A,,,,,,,,,,,,,,,,,,,,,,,,,,,,,,,,,,,,,,,,,,,,,
MAD06-017,GEMARA,Pseudomonas aeruginosa,ST175,64,R,32,R,8,S,8,S,1,S,1,S,8,I,8,I,8,I,>16,R,32,R,4,S,2,S,+,+,,aadB,,,nt385InsGGGT,,,,A219T,S250N,Q142X,LESB58,,,,H398R,,T543A,K329Q, W358R,G195D,E37K, A104P,D249N,P60S, F172I,,T83I, D87N,,G71E, A186T,,,,G154R,,,,G148A, D183Y,,,,Y345H,S87W, L168Q,,E245D,T211P,L88P, D161G, H182Q, V243A, V266M,,,,,,,,,,,,,,,,,,,,,,,,,,,,,,,,,,,,,,,,,,,,,,,,
MUR01-008,GEMARA,Pseudomonas aeruginosa,ST308,256,R,64,R,32,R,16,R,2,S,8,S,32,R,8,I,32,R,2,R,<=0.25,S,<=2,S,1,S,+,+,,,,N5K, E468D,V126E, nt33Δ13,,G957D, V1042A,,,A287S,nt385InsGA,UCBPP-PA14,,,,H398R,L153R, S170N,I536V, T543A, G589A, Q840E, N1036T,A30T, K329Q, L331V, W358R,G89S,A104P,V73A, D249N,F172I,,,,G71E, D79E, S209R,,,,G283E, M288R,G27D, T105A, V205L, V356I, G391A,,,T139R,,L353Q, S25G,,S2P, A4T, V15I, G68S, Y345H,P752T,D533E,D73N,,C40R, L88P, S112N, D119E, I237V, V243A,V40I,,,,,,,,,,,,,,,,,,,,,,,,,,,,,
MUR01-009,GEMARA,Pseudomonas aeruginosa,ST175,128,R,128,R,16,R,8,S,2,S,4,S,16,I,8,I,16,R,>16,R,32,R,4,S,2,S,+,+,,,,E468D,,,,,A219T,S250N,nt105Δ1,LESB58,,,,H398R,,T543A,K329Q, W358R,G195D,E37K, A104P,D249N,P60S, F172I,,T83I,,G71E, A186T,,,,,,,,V10G, G148A, D183Y,,,,Y345H,S87W, L168Q,,E245D,,L88P, D161G, H182Q, V243A, V266M,,,,,,,,,,,,,,,,,,,,,,,,,,,,,,,,,,,,,,,,,,,,,,,,
MUR01-018,GEMARA,Pseudomonas aeruginosa,ST111,>512,R,32,R,>64,R,>64,R,>32,R,>32,R,16,I,>32,R,>64,R,<=0.12,S,<=0.25,S,16,I,2,S,,,IMP-33,aac(6')-31,,,V126E,,,,A219T,,,FRD1,,,,H398R,,G530S,K329Q, L331V, W358R,,A104P,D249N,F172I,,,,G71E,,,D411A,G283E,T105A,,,G148A,,M715K, K607R,L71P,A4T, V6A, V15I, G68S, Y345H,,,G596R,,L88P, D161G, H182Q, V243A,,,,,,,,,,,,,,,,,,,,,,,,,,,,,,,,,,,,,,,,,,,,,,,,,
MUR01-026,GEMARA,Pseudomonas aeruginosa,ST175,128,R,256,R,32,R,16,R,2,S,4,S,16,I,16,R,16,R,>16,R,>32,R,4,S,2,S,+,+,,aadB,,E468D,,,,,A219T,S250N,nt105Δ1,LESB58,,,,H398R,,T543A,K329Q, W358R,G195D,,D249N,P60S, F172I,,T83I,,G71E, A186T,,,,,,,,V10G, G148A, D183Y,,,,Y345H,S87W, L168Q,,E245D,,L88P, D161G, H182Q, V243A, V266M,,,,,,,,,,,,,,,,,,,,,,,,,,,,,,,,,,,,,,,,,,,,,,,,,
MUR01-031,GEMARA,Pseudomonas aeruginosa,ST395,128,R,256,R,32,R,16,R,2,S,4,S,64,R,8,I,2,S,1,R,<=0.25,S,<=2,S,2,S,,,,,,,,,,,R66C,S250N,,LESB58,,,,H398R,,T543A,H119Y, K329Q, W358R,,A104P,D249N,F172I,,aa914InsSE,,G71E,,,V358I, M297V,,T105A, L176R,,,A134V,,,L71R,Y345H,,V200M,,,L88P, D161G, H182Q, V243A,,,,,,,,,,,,,,,,,,,,,,,,,,,,,,,,,,,,,,,,,,,,,,,,,,,,
MUR01-033,GEMARA,Pseudomonas aeruginosa,ST308,256,R,64,R,16,R,16,R,2,S,4,S,16,I,16,R,64,R,16,R,>32,R,32,R,2,S,+,+,OXA-2,aac(6´)-31,,,V126E,,G957D,,,A287S,,UCBPP-PA14,,,,H398R,L153R, S170N,I536V, T543A, G589A, Q840E, N1036T,A30T, K329Q, L331V, W358R,G89S, A175T,A104P,V73A, D249N,F172I,,T83I,,G71E, D79E, S209R,,,,G283E, M288R,G27D, T105A, V205L, V356I, G391A,,,,,L353Q, S25G,,A4T, V15I, G68S, Y345H,S87L, P752T,D533E,D73N,,C40R, L88P, S112N, D119E, I237V, V243A,V40I,,,,,,,,,,,,,,,,,,,,,,,,,,,,,,,
NAV01-012,GEMARA,Pseudomonas aeruginosa,ST111,>512,R,128,R,16,R,8,S,1,S,1,S,8,I,16,R,8,I,16,R,16,R,8,S,1,S,+,+,CARB-2,aadA2,,,V126E,,,,A219T,,nt991InsAC,FRD1,,,,L137P, H398R,,G530S,K329Q, L331V, W358R,,A104P,D249N,F172I,nt665InsGGCCT,T83I, V671I, G860S,,G71E,,,D411A,G283E,T105A,,,G148A,,M715K, K607R,L71R,A4T, V6A, V15I, G68S, Y345H,E91K,,G596R,,L88P, D161G, H182Q, V243A,,,,,,,,,,,,,,,,,,,,,,,,,,,,,,,,,,,,,,,,,,,,,,
NAV01-021,GEMARA,Pseudomonas aeruginosa,ST2125,128,R,256,R,32,R,16,R,2,S,4,S,16,I,16,R,8,I,>16,R,1,S,4,S,1,S,+,+,,,,,V126E,,,,A219T,,Q250X,F23197,,,,H398R,,T543A,K329Q, L331V, W358R,,,D249N,P60S, F172I,A394P,T83I,,G71E, S209R,,,T276A,,,,,G84D, A136V, G148A,,,L71R,Y345H,V646L,nt1345InsGTGGAC,,A439T,L88P, D161G, H182Q, V243A,,,,,,,,,,,,,,,,,,,,,,,,,,,,,,,,,,,,,,,,,,,,,,,,,,
PVA01-007,GEMARA,Pseudomonas aeruginosa,ST175,64,R,64,R,16,R,16,R,2,S,2,S,8,I,16,R,8,I,>16,R,>32,R,4,S,1,S,+,+,,aadB,,,nt385InsGGGT,,,,A219T,S250N,Q142X,LESB58,,,,H398R,,T543A,K329Q, W358R,G195D,E37K, A104P,D249N,P60S, F172I,,T83I, D87N,,G71E, A186T,,,,G154R,,,,G148A, D183Y,,,,Y345H,S87W, L168Q,,E245D,T211P,L88P, D161G, H182Q, V243A, V266M,,,,,,,,,,,,,,,,,,,,,,,,,,,,,,,,,,,,,,,,,,,,,,,,
PVA01-019,GEMARA,Pseudomonas aeruginosa,ST175,128,R,64,R,16,R,16,R,2,S,4,S,16,I,16,R,16,R,>16,R,>32,R,8,S,1,S,+,+,,aadB,,,nt385InsGGGT,,,,A219T,S250N,Q142X,LESB58,,,,H398R,,T543A,K329Q, W358R,G195D,E37K, A104P,D249N,P60S, F172I,,T83I, D87N,,G71E, A186T,,,,G154R,,,,G148A, D183Y,,,,Y345H,S87W, L168Q,,E245D,T211P,L88P, D161G, H182Q, V243A, V266M,,,,,,,,,,,,,,,,,,,,,,,,,,,,,,,,,,,,,,,,,,,,,,,,
PVA01-021,GEMARA,Pseudomonas aeruginosa,ST111,>512,R,256,R,32,R,32,R,>32,R,32,R,16,I,>32,R,>64,R,>16,R,32,R,16,I,1,S,,, CARB-2, VIM-2,aac(6')-32, aadA2,,,V126E, nt67Δ10,,,,A219T,,nt200InsC,FRD1,,,,L137P, H398R,,G530S,K329Q, L331V, W358R,,A104P,D249N,F172I,,T83I, V671I, G860S,,G71E,nt619Δ1,,D411A,G283E,T105A,,L3V,G148A,,M715K, K607R,L71R,S2P, A4T, V6A, V15I, G68S, Y345H,S87L,,G596R,nt210Δ6,L88P, D161G, H182Q, V243A,,,,,,,,,,,,,,,,,,,,,,,,,,,,,,,,,,,,,,,,,,
PVA01-041,GEMARA,Pseudomonas aeruginosa,ST1756,128,R,64,R,32,R,16,R,2,S,2,S,32,R,8,I,8,I,4,R,16,R,8,S,1,S,+,,,,,,,A280V, D373E,,V72L,A219T,,,LESB58,,,,H398R,P126L, L153R, S170N,T543A,K329Q, L331V, W358R,Q10X,,D249N,F172I,K313E,T83I,D187H,G71E, P210L, S209R,,,,,T105A,,,R11L, G148A, D183Y,,S25G,L71R,Y345H,,S457R,,,L88P, D161G, H182Q, V243A,,,,,,,,,,,,,,,,,,,,,,,,,,,,,,,,,,,,,,,,,,,,,,,
PVA01-042,GEMARA,Pseudomonas aeruginosa,ST244,64,R,32,R,16,R,8,S,1,S,2,S,8,I,8,I,4,I,>16,R,16,R,4,S,1,S,,,,,,,,R57W,,,A219T,S250N,,PAO1,,,,H398R,,T543A, Q840E,K329Q, W358R,nt248Δ13,A104P,A75V, D249N,P60S, F172I,,A51V, D87Y,,,,,A303V, M297V,,,,,R11L, G148A, D183Y,E78X,S96N,L71R,,,,,A121T,L88P, G157D, D161G, H182Q, V243A,,,,,,,,,,,,,,,,,,,,,,,,,,,,,,,,,,,,,,,,,,,,,,,
